model_name,crop,subset_name,sample_count,temperature,is_calibrated,nll,brier_score,ece_10bin,mean_confidence,accuracy
Tomato,Tomato,validation,2179,1.0,False,0.274887353181839,0.13414141535758972,0.01757451841293972,0.8952373266220093,0.9109683340982102
Tomato,Tomato,validation,2179,0.9317103036403772,True,0.2739344835281372,0.13335442543029785,0.01286929430027192,0.9037754535675049,0.9109683340982102
Tomato,Tomato,internal_test,2180,1.0,False,0.28492745757102966,0.14303846657276154,0.011451230608268616,0.8958187103271484,0.9022935779816513
Tomato,Tomato,internal_test,2180,0.9317103036403772,True,0.28463783860206604,0.14286425709724426,0.005246144423791028,0.904560923576355,0.9022935779816513
Tomato,Tomato,track_a_internal,300,1.0,False,0.391010046005249,0.1957518756389618,0.024902458687623343,0.8699876666069031,0.86
Tomato,Tomato,track_a_internal,300,0.9317103036403772,True,0.3932499289512634,0.19632023572921753,0.034713300665219625,0.8803861737251282,0.86
Tomato,Tomato,track_b_external,272,1.0,False,9.936698913574219,1.4589612483978271,0.6787540722939679,0.8294894099235535,0.15073529411764705
Tomato,Tomato,track_b_external,272,0.9317103036403772,True,10.604843139648438,1.4731851816177368,0.689980003681472,0.8407153487205505,0.15073529411764705
Tomato,Tomato,track_c_realworld,188,1.0,False,8.055675506591797,1.2859482765197754,0.5953254423084411,0.8400062322616577,0.24468085106382978
Tomato,Tomato,track_c_realworld,188,0.9317103036403772,True,8.598666191101074,1.2992337942123413,0.6060592192126081,0.8507400751113892,0.24468085106382978
Tomato,Tomato,track_d_cross_crop,75,1.0,False,,,,0.8737668991088867,
Tomato,Tomato,track_d_cross_crop,75,0.9317103036403772,True,,,,0.8837018013000488,
Tomato,Tomato,track_d_unrelated,20,1.0,False,,,,0.8197838068008423,
Tomato,Tomato,track_d_unrelated,20,0.9317103036403772,True,,,,0.8280658721923828,
Grape,Grape,validation,931,1.0,False,0.2473398745059967,0.13991041481494904,0.029556636747561003,0.9185372591018677,0.8990332975295381
Grape,Grape,validation,931,1.1481942217606924,True,0.24442265927791595,0.13809669017791748,0.020206333039014347,0.9055202007293701,0.8990332975295381
Grape,Grape,internal_test,931,1.0,False,0.27594172954559326,0.15532664954662323,0.03288407987093695,0.920259952545166,0.8904403866809882
Grape,Grape,internal_test,931,1.1481942217606924,True,0.2690671980381012,0.15299974381923676,0.019571087830304847,0.907349169254303,0.8904403866809882
Grape,Grape,track_a_internal,225,1.0,False,0.307047039270401,0.17383714020252228,0.025915620194541085,0.8988859057426453,0.8844444444444445
Grape,Grape,track_a_internal,225,1.1481942217606924,True,0.3025248348712921,0.1725309193134308,0.023242118358612063,0.8839508891105652,0.8844444444444445
Grape,Grape,track_b_external,180,1.0,False,5.478701591491699,1.422676920890808,0.642963123631974,0.7818519473075867,0.1388888888888889
Grape,Grape,track_b_external,180,1.1481942217606924,True,4.852421760559082,1.3795737028121948,0.6179144931336245,0.7507246136665344,0.1388888888888889
Grape,Grape,track_c_realworld,100,1.0,False,5.980964183807373,1.506019949913025,0.6881032544374466,0.7581032514572144,0.07
Grape,Grape,track_c_realworld,100,1.1481942217606924,True,5.297494888305664,1.4573506116867065,0.6551985150203108,0.7251985669136047,0.07
Grape,Grape,track_d_cross_crop,75,1.0,False,,,,0.7270923256874084,
Grape,Grape,track_d_cross_crop,75,1.1481942217606924,True,,,,0.6951250433921814,
Grape,Grape,track_d_unrelated,20,1.0,False,,,,0.8410683870315552,
Grape,Grape,track_d_unrelated,20,1.1481942217606924,True,,,,0.8170002698898315,
Chilli,Chilli,validation,290,1.0,False,0.9410802125930786,0.48720449209213257,0.06022952075662284,0.6934103965759277,0.6517241379310345
Chilli,Chilli,validation,290,1.2629897936445373,True,0.9221141934394836,0.48331981897354126,0.02790325921157311,0.6343675255775452,0.6517241379310345
Chilli,Chilli,internal_test,290,1.0,False,0.9398157596588135,0.4857347011566162,0.08011924829976312,0.6867637038230896,0.6379310344827587
Chilli,Chilli,internal_test,290,1.2629897936445373,True,0.9248228073120117,0.4823160171508789,0.06758904066579095,0.6268900036811829,0.6379310344827587
Chilli,Chilli,track_a_internal,144,1.0,False,1.2067532539367676,0.6113716959953308,0.1552240217311515,0.6622670292854309,0.5347222222222222
Chilli,Chilli,track_a_internal,144,1.2629897936445373,True,1.1447114944458008,0.5930233001708984,0.08695384590990013,0.6039001941680908,0.5347222222222222
Chilli,Chilli,track_b_external,120,1.0,False,1.5019004344940186,0.6882386803627014,0.17516742795705798,0.6323447823524475,0.475
Chilli,Chilli,track_b_external,120,1.2629897936445373,True,1.3866164684295654,0.6670864224433899,0.109622884914279,0.5740162134170532,0.475
Chilli,Chilli,track_c_realworld,97,1.0,False,1.2051053047180176,0.5514079928398132,0.09228192223716028,0.6577925086021423,0.5979381443298969
Chilli,Chilli,track_c_realworld,97,1.2629897936445373,True,1.1512887477874756,0.5519267320632935,0.09767967063127106,0.5925425291061401,0.5979381443298969
Chilli,Chilli,track_d_cross_crop,75,1.0,False,,,,0.6962159276008606,
Chilli,Chilli,track_d_cross_crop,75,1.2629897936445373,True,,,,0.6348627805709839,
Chilli,Chilli,track_d_unrelated,20,1.0,False,,,,0.760607898235321,
Chilli,Chilli,track_d_unrelated,20,1.2629897936445373,True,,,,0.7011958360671997,
Sugarcane,Sugarcane,validation,1339,1.0,False,0.4332639276981354,0.2243206799030304,0.026415616251622854,0.835189938545227,0.8513816280806572
Sugarcane,Sugarcane,validation,1339,0.9605418538296602,True,0.4328339397907257,0.22396588325500488,0.022755821508823534,0.8422276973724365,0.8513816280806572
Sugarcane,Sugarcane,internal_test,1340,1.0,False,0.4469817578792572,0.23564131557941437,0.017008326058067496,0.8405429124832153,0.8343283582089552
Sugarcane,Sugarcane,internal_test,1340,0.9605418538296602,True,0.4476415812969208,0.2360149323940277,0.0158576652852457,0.847363293170929,0.8343283582089552
Sugarcane,Sugarcane,track_a_internal,450,1.0,False,0.565467894077301,0.29994550347328186,0.05794174399640825,0.8272007703781128,0.7955555555555556
Sugarcane,Sugarcane,track_a_internal,450,0.9605418538296602,True,0.570165753364563,0.3013917803764343,0.06990848925378587,0.8340438604354858,0.7955555555555556
Sugarcane,Sugarcane,track_b_external,60,1.0,False,2.0993502140045166,0.8747431635856628,0.3223583362996578,0.6508453488349915,0.3333333333333333
Sugarcane,Sugarcane,track_b_external,60,0.9605418538296602,True,2.1478521823883057,0.8845263123512268,0.3310995825876792,0.6614750027656555,0.3333333333333333
Sugarcane,Sugarcane,track_c_realworld,40,1.0,False,2.5564208030700684,1.0604387521743774,0.43553549572825434,0.7105355262756348,0.275
Sugarcane,Sugarcane,track_c_realworld,40,0.9605418538296602,True,2.6306097507476807,1.0726683139801025,0.460968428850174,0.7198411822319031,0.275
Sugarcane,Sugarcane,track_d_cross_crop,75,1.0,False,,,,0.7550289630889893,
Sugarcane,Sugarcane,track_d_cross_crop,75,0.9605418538296602,True,,,,0.765098512172699,
Sugarcane,Sugarcane,track_d_unrelated,20,1.0,False,,,,0.7069500684738159,
Sugarcane,Sugarcane,track_d_unrelated,20,0.9605418538296602,True,,,,0.7160588502883911,
Chilli (Candidate D - Supplementary),Chilli,validation,290,1.0,False,0.8218147158622742,0.3716520071029663,0.08343533231266614,0.8042766451835632,0.7275862068965517
Chilli (Candidate D - Supplementary),Chilli,validation,290,1.49791334077081,True,0.7618604898452759,0.36830368638038635,0.05645604267202575,0.714428722858429,0.7275862068965517
Chilli (Candidate D - Supplementary),Chilli,internal_test,290,1.0,False,0.9466953873634338,0.4508068263530731,0.11649063938650592,0.8026975393295288,0.6862068965517242
Chilli (Candidate D - Supplementary),Chilli,internal_test,290,1.49791334077081,True,0.8460161685943604,0.4313424229621887,0.0391220517199615,0.7141518592834473,0.6862068965517242
Chilli (Candidate D - Supplementary),Chilli,track_a_internal,144,1.0,False,1.1886969804763794,0.5742650628089905,0.2077308613806963,0.7910641431808472,0.5833333333333334
Chilli (Candidate D - Supplementary),Chilli,track_a_internal,144,1.49791334077081,True,1.0146286487579346,0.5306862592697144,0.12749208344353571,0.7030342817306519,0.5833333333333334
Chilli (Candidate D - Supplementary),Chilli,track_b_external,120,1.0,False,0.21491500735282898,0.11520301550626755,0.014125267167886098,0.9108746647834778,0.925
Chilli (Candidate D - Supplementary),Chilli,track_b_external,120,1.49791334077081,True,0.24971264600753784,0.12483077496290207,0.06761440585056941,0.8598154783248901,0.925
Chilli (Candidate D - Supplementary),Chilli,track_c_realworld,97,1.0,False,0.6706869602203369,0.2632410526275635,0.0894841072485619,0.9039170742034912,0.8144329896907216
Chilli (Candidate D - Supplementary),Chilli,track_c_realworld,97,1.49791334077081,True,0.561596691608429,0.24992001056671143,0.03854765474181814,0.8497846126556396,0.8144329896907216
Chilli (Candidate D - Supplementary),Chilli,track_d_cross_crop,75,1.0,False,,,,0.8020796179771423,
Chilli (Candidate D - Supplementary),Chilli,track_d_cross_crop,75,1.49791334077081,True,,,,0.7117401957511902,
Chilli (Candidate D - Supplementary),Chilli,track_d_unrelated,20,1.0,False,,,,0.757323145866394,
Chilli (Candidate D - Supplementary),Chilli,track_d_unrelated,20,1.49791334077081,True,,,,0.6442939043045044,
