file_path,true_label,true_index,predicted_label,predicted_index,confidence
D:\CropDiseaseProject\grape_niphad\Powdery Mildew\Powdery Mildew_240.jpg,Powdery Mildew,6,Powdery Mildew,6,0.9993
D:\CropDiseaseProject\grape_niphad\Downy Mildew\Downy Mildew_689.jpg,Downy Mildew,2,Downy Mildew,2,0.999
D:\CropDiseaseProject\grape_niphad\Healthy Leaves\Healthy Leaves_1000.jpg,Healthy Leaves,4,Healthy Leaves,4,0.9675
D:\CropDiseaseProject\grape_niphad\Healthy Leaves\Healthy Leaves_180.jpg,Healthy Leaves,4,Healthy Leaves,4,0.9957
D:\CropDiseaseProject\grape_niphad\Downy Mildew\Downy Mildew_703.jpg,Downy Mildew,2,Downy Mildew,2,0.992
D:\CropDiseaseProject\grape_niphad\Healthy Leaves\Healthy Leaves_1245.jpg,Healthy Leaves,4,Healthy Leaves,4,0.9995
D:\CropDiseaseProject\grape_niphad\Downy Mildew\Downy Mildew_586.jpg,Downy Mildew,2,Downy Mildew,2,0.9992
D:\CropDiseaseProject\grape_niphad\Powdery Mildew\Powdery Mildew_67.jpg,Powdery Mildew,6,Powdery Mildew,6,0.9944
D:\CropDiseaseProject\grape_niphad\Downy Mildew\Downy Mildew_958.png,Downy Mildew,2,Esca (Black Measles),3,0.6264
D:\CropDiseaseProject\grape_niphad\Healthy Leaves\Healthy Leaves_1143.jpg,Healthy Leaves,4,Healthy Leaves,4,0.9913
D:\CropDiseaseProject\grape_niphad\Downy Mildew\Downy Mildew_476.jpg,Downy Mildew,2,Downy Mildew,2,0.9995
D:\CropDiseaseProject\grape_niphad\Powdery Mildew\Powdery Mildew_157.jpg,Powdery Mildew,6,Powdery Mildew,6,0.9976
D:\CropDiseaseProject\grape_niphad\Downy Mildew\Downy Mildew_863.jpg,Downy Mildew,2,Downy Mildew,2,0.9874
D:\CropDiseaseProject\grape_niphad\Healthy Leaves\Healthy Leaves_545.jpg,Healthy Leaves,4,Healthy Leaves,4,0.9998
D:\CropDiseaseProject\grape_niphad\Healthy Leaves\Healthy Leaves_59.jpg,Healthy Leaves,4,Healthy Leaves,4,0.9716
D:\CropDiseaseProject\grape_niphad\Downy Mildew\Downy Mildew_192.jpg,Downy Mildew,2,Downy Mildew,2,1.0
D:\CropDiseaseProject\grape_niphad\Healthy Leaves\Healthy Leaves_302.jpg,Healthy Leaves,4,Healthy Leaves,4,0.9918
D:\CropDiseaseProject\grape_niphad\Downy Mildew\Downy Mildew_946.jpg,Downy Mildew,2,Downy Mildew,2,1.0
D:\CropDiseaseProject\grape_niphad\Healthy Leaves\Healthy Leaves_511.jpg,Healthy Leaves,4,Healthy Leaves,4,0.9997
D:\CropDiseaseProject\grape_niphad\Downy Mildew\Downy Mildew_385.jpg,Downy Mildew,2,Downy Mildew,2,0.7927
D:\CropDiseaseProject\grape_niphad\Healthy Leaves\Healthy Leaves_11.jpg,Healthy Leaves,4,Healthy Leaves,4,0.5128
D:\CropDiseaseProject\grape_niphad\Healthy Leaves\Healthy Leaves_530.jpg,Healthy Leaves,4,Healthy Leaves,4,0.9998
D:\CropDiseaseProject\grape_niphad\Downy Mildew\Downy Mildew_739.jpg,Downy Mildew,2,Downy Mildew,2,0.9969
D:\CropDiseaseProject\grape_niphad\Bacterial Leaf Spot\Bacterial Leaf Spot_77.jpg,Bacterial Leaf Spot,0,Bacterial Leaf Spot,0,0.9982
D:\CropDiseaseProject\grape_niphad\Healthy Leaves\Healthy Leaves_926.jpg,Healthy Leaves,4,Healthy Leaves,4,0.985
D:\CropDiseaseProject\grape_niphad\Healthy Leaves\Healthy Leaves_106.jpg,Healthy Leaves,4,Healthy Leaves,4,0.9999
D:\CropDiseaseProject\grape_niphad\Downy Mildew\Downy Mildew_317.jpg,Downy Mildew,2,Downy Mildew,2,1.0
D:\CropDiseaseProject\grape_niphad\Downy Mildew\Downy Mildew_252.jpg,Downy Mildew,2,Downy Mildew,2,0.9976
D:\CropDiseaseProject\grape_niphad\Bacterial Leaf Spot\Bacterial Leaf Spot_88.png,Bacterial Leaf Spot,0,Bacterial Leaf Spot,0,0.9714
D:\CropDiseaseProject\grape_niphad\Downy Mildew\Downy Mildew_793.jpg,Downy Mildew,2,Downy Mildew,2,0.9878
D:\CropDiseaseProject\grape_niphad\Powdery Mildew\Powdery Mildew_11.jpg,Powdery Mildew,6,Powdery Mildew,6,0.9998
D:\CropDiseaseProject\grape_niphad\Downy Mildew\Downy Mildew_548.jpg,Downy Mildew,2,Downy Mildew,2,0.8616
D:\CropDiseaseProject\grape_niphad\Downy Mildew\Downy Mildew_234.jpg,Downy Mildew,2,Downy Mildew,2,1.0
D:\CropDiseaseProject\grape_niphad\Healthy Leaves\Healthy Leaves_166.jpg,Healthy Leaves,4,Healthy Leaves,4,0.9991
D:\CropDiseaseProject\grape_niphad\Powdery Mildew\Powdery Mildew_219.jpg,Powdery Mildew,6,Powdery Mildew,6,0.8717
D:\CropDiseaseProject\grape_niphad\Downy Mildew\Downy Mildew_728.jpg,Downy Mildew,2,Downy Mildew,2,1.0
D:\CropDiseaseProject\grape_niphad\Healthy Leaves\Healthy Leaves_714.jpg,Healthy Leaves,4,Healthy Leaves,4,0.9951
D:\CropDiseaseProject\grape_niphad\Bacterial Leaf Spot\Bacterial Leaf Spot_83.jpg,Bacterial Leaf Spot,0,Healthy Leaves,4,0.6683
D:\CropDiseaseProject\grape_niphad\Powdery Mildew\Powdery Mildew_384.JPG,Powdery Mildew,6,Powdery Mildew,6,0.6309
D:\CropDiseaseProject\grape_niphad\Downy Mildew\Downy Mildew_392.jpg,Downy Mildew,2,Healthy Leaves,4,0.8042
D:\CropDiseaseProject\grape_niphad\Bacterial Leaf Spot\Bacterial Leaf Spot_80.jpg,Bacterial Leaf Spot,0,Bacterial Leaf Spot,0,0.9205
D:\CropDiseaseProject\grape_niphad\Healthy Leaves\Healthy Leaves_1199.jpg,Healthy Leaves,4,Healthy Leaves,4,0.9886
D:\CropDiseaseProject\grape_niphad\Downy Mildew\Downy Mildew_231.jpg,Downy Mildew,2,Downy Mildew,2,0.9999
D:\CropDiseaseProject\grape_niphad\Downy Mildew\Downy Mildew_947.jpg,Downy Mildew,2,Downy Mildew,2,0.7525
D:\CropDiseaseProject\grape_niphad\Powdery Mildew\Powdery Mildew_4.png,Powdery Mildew,6,Healthy Leaves,4,0.4559
D:\CropDiseaseProject\grape_niphad\Powdery Mildew\Powdery Mildew_296.jpg,Powdery Mildew,6,Powdery Mildew,6,0.9991
D:\CropDiseaseProject\grape_niphad\Healthy Leaves\Healthy Leaves_71.jpg,Healthy Leaves,4,Healthy Leaves,4,0.956
D:\CropDiseaseProject\grape_niphad\Downy Mildew\Downy Mildew_348.jpg,Downy Mildew,2,Downy Mildew,2,0.9813
D:\CropDiseaseProject\grape_niphad\Powdery Mildew\Powdery Mildew_89.jpg,Powdery Mildew,6,Powdery Mildew,6,0.9939
D:\CropDiseaseProject\grape_niphad\Healthy Leaves\Healthy Leaves_268.jpg,Healthy Leaves,4,Healthy Leaves,4,0.9987
D:\CropDiseaseProject\grape_niphad\Healthy Leaves\Healthy Leaves_297.jpg,Healthy Leaves,4,Healthy Leaves,4,0.9977
D:\CropDiseaseProject\grape_niphad\Downy Mildew\Downy Mildew_811.jpg,Downy Mildew,2,Downy Mildew,2,0.9988
D:\CropDiseaseProject\grape_niphad\Downy Mildew\Downy Mildew_661.jpg,Downy Mildew,2,Downy Mildew,2,0.9948
D:\CropDiseaseProject\grape_niphad\Healthy Leaves\Healthy Leaves_1034.jpg,Healthy Leaves,4,Healthy Leaves,4,0.9914
D:\CropDiseaseProject\grape_niphad\Downy Mildew\Downy Mildew_847.jpg,Downy Mildew,2,Downy Mildew,2,0.9995
D:\CropDiseaseProject\grape_niphad\Downy Mildew\Downy Mildew_669.jpg,Downy Mildew,2,Downy Mildew,2,0.9992
D:\CropDiseaseProject\grape_niphad\Healthy Leaves\Healthy Leaves_1152.jpg,Healthy Leaves,4,Healthy Leaves,4,1.0
D:\CropDiseaseProject\grape_niphad\Healthy Leaves\Healthy Leaves_7.jpg,Healthy Leaves,4,Healthy Leaves,4,0.9176
D:\CropDiseaseProject\grape_niphad\Healthy Leaves\Healthy Leaves_104.jpg,Healthy Leaves,4,Healthy Leaves,4,0.9996
D:\CropDiseaseProject\grape_niphad\Healthy Leaves\Healthy Leaves_967.jpg,Healthy Leaves,4,Downy Mildew,2,0.6935
D:\CropDiseaseProject\grape_niphad\Downy Mildew\Downy Mildew_509.jpg,Downy Mildew,2,Downy Mildew,2,0.9972
D:\CropDiseaseProject\grape_niphad\Downy Mildew\Downy Mildew_370.jpg,Downy Mildew,2,Downy Mildew,2,0.9909
D:\CropDiseaseProject\grape_niphad\Healthy Leaves\Healthy Leaves_1052.jpg,Healthy Leaves,4,Healthy Leaves,4,0.9395
D:\CropDiseaseProject\grape_niphad\Downy Mildew\Downy Mildew_675.jpg,Downy Mildew,2,Downy Mildew,2,0.999
D:\CropDiseaseProject\grape_niphad\Downy Mildew\Downy Mildew_512.jpg,Downy Mildew,2,Downy Mildew,2,0.9966
D:\CropDiseaseProject\grape_niphad\Bacterial Leaf Spot\Bacterial Leaf Spot_46.JPG,Bacterial Leaf Spot,0,Bacterial Leaf Spot,0,0.9724
D:\CropDiseaseProject\grape_niphad\Healthy Leaves\Healthy Leaves_484.jpg,Healthy Leaves,4,Healthy Leaves,4,0.9878
D:\CropDiseaseProject\grape_niphad\Downy Mildew\Downy Mildew_816.jpg,Downy Mildew,2,Downy Mildew,2,1.0
D:\CropDiseaseProject\grape_niphad\Downy Mildew\Downy Mildew_649.jpg,Downy Mildew,2,Downy Mildew,2,0.997
D:\CropDiseaseProject\grape_niphad\Healthy Leaves\Healthy Leaves_465.jpg,Healthy Leaves,4,Healthy Leaves,4,0.997
D:\CropDiseaseProject\grape_niphad\Healthy Leaves\Healthy Leaves_1239.jpg,Healthy Leaves,4,Healthy Leaves,4,0.9934
D:\CropDiseaseProject\grape_niphad\Healthy Leaves\Healthy Leaves_625.jpg,Healthy Leaves,4,Healthy Leaves,4,0.9945
D:\CropDiseaseProject\grape_niphad\Healthy Leaves\Healthy Leaves_1011.jpg,Healthy Leaves,4,Healthy Leaves,4,0.7478
D:\CropDiseaseProject\grape_niphad\Healthy Leaves\Healthy Leaves_978.jpg,Healthy Leaves,4,Healthy Leaves,4,0.9232
D:\CropDiseaseProject\grape_niphad\Downy Mildew\Downy Mildew_692.jpg,Downy Mildew,2,Downy Mildew,2,1.0
D:\CropDiseaseProject\grape_niphad\Healthy Leaves\Healthy Leaves_817.jpg,Healthy Leaves,4,Healthy Leaves,4,0.9646
D:\CropDiseaseProject\grape_niphad\Downy Mildew\Downy Mildew_494.jpg,Downy Mildew,2,Downy Mildew,2,0.9968
D:\CropDiseaseProject\grape_niphad\Downy Mildew\Downy Mildew_253.jpg,Downy Mildew,2,Downy Mildew,2,0.7415
D:\CropDiseaseProject\grape_niphad\Healthy Leaves\Healthy Leaves_861.jpg,Healthy Leaves,4,Healthy Leaves,4,0.9782
D:\CropDiseaseProject\grape_niphad\Healthy Leaves\Healthy Leaves_595.jpg,Healthy Leaves,4,Healthy Leaves,4,0.9939
D:\CropDiseaseProject\grape_niphad\Powdery Mildew\Powdery Mildew_377.JPG,Powdery Mildew,6,Powdery Mildew,6,0.8843
D:\CropDiseaseProject\grape_niphad\Downy Mildew\Downy Mildew_959.jpg,Downy Mildew,2,Downy Mildew,2,0.839
D:\CropDiseaseProject\grape_niphad\Powdery Mildew\Powdery Mildew_32.jpg,Powdery Mildew,6,Powdery Mildew,6,0.9957
D:\CropDiseaseProject\grape_niphad\Powdery Mildew\Powdery Mildew_16.jpg,Powdery Mildew,6,Powdery Mildew,6,0.8489
D:\CropDiseaseProject\grape_niphad\Healthy Leaves\Healthy Leaves_837.jpg,Healthy Leaves,4,Healthy Leaves,4,0.9996
D:\CropDiseaseProject\grape_niphad\Healthy Leaves\Healthy Leaves_693.jpg,Healthy Leaves,4,Healthy Leaves,4,0.9998
D:\CropDiseaseProject\grape_niphad\Healthy Leaves\Healthy Leaves_792.jpg,Healthy Leaves,4,Healthy Leaves,4,1.0
D:\CropDiseaseProject\grape_niphad\Downy Mildew\Downy Mildew_245.jpg,Downy Mildew,2,Downy Mildew,2,0.9994
D:\CropDiseaseProject\grape_niphad\Healthy Leaves\Healthy Leaves_540.jpg,Healthy Leaves,4,Healthy Leaves,4,1.0
D:\CropDiseaseProject\grape_niphad\Healthy Leaves\Healthy Leaves_964.jpg,Healthy Leaves,4,Healthy Leaves,4,0.9955
D:\CropDiseaseProject\grape_niphad\Bacterial Leaf Spot\Bacterial Leaf Spot_100.png,Bacterial Leaf Spot,0,Bacterial Leaf Spot,0,0.7983
D:\CropDiseaseProject\grape_niphad\Downy Mildew\Downy Mildew_606.jpg,Downy Mildew,2,Downy Mildew,2,0.9998
D:\CropDiseaseProject\grape_niphad\Healthy Leaves\Healthy Leaves_1037.jpg,Healthy Leaves,4,Healthy Leaves,4,1.0
D:\CropDiseaseProject\grape_niphad\Downy Mildew\Downy Mildew_111.jpg,Downy Mildew,2,Downy Mildew,2,0.9188
D:\CropDiseaseProject\grape_niphad\Healthy Leaves\Healthy Leaves_1043.png,Healthy Leaves,4,Healthy Leaves,4,0.9456
D:\CropDiseaseProject\grape_niphad\Powdery Mildew\Powdery Mildew_198.jpg,Powdery Mildew,6,Powdery Mildew,6,0.7394
D:\CropDiseaseProject\grape_niphad\Powdery Mildew\Powdery Mildew_385.JPG,Powdery Mildew,6,Healthy Leaves,4,0.5095
D:\CropDiseaseProject\grape_niphad\Healthy Leaves\Healthy Leaves_353.jpg,Healthy Leaves,4,Healthy Leaves,4,0.9849
D:\CropDiseaseProject\grape_niphad\Healthy Leaves\Healthy Leaves_977.jpg,Healthy Leaves,4,Healthy Leaves,4,0.9963
D:\CropDiseaseProject\grape_niphad\Powdery Mildew\Powdery Mildew_270.jpg,Powdery Mildew,6,Powdery Mildew,6,0.9983
D:\CropDiseaseProject\grape_niphad\Powdery Mildew\Powdery Mildew_154.jpg,Powdery Mildew,6,Powdery Mildew,6,0.833
D:\CropDiseaseProject\grape_niphad\Healthy Leaves\Healthy Leaves_500.jpg,Healthy Leaves,4,Healthy Leaves,4,0.9746
D:\CropDiseaseProject\grape_niphad\Downy Mildew\Downy Mildew_171.jpg,Downy Mildew,2,Downy Mildew,2,0.9999
D:\CropDiseaseProject\grape_niphad\Downy Mildew\Downy Mildew_558.jpg,Downy Mildew,2,Downy Mildew,2,0.9977
D:\CropDiseaseProject\grape_niphad\Downy Mildew\Downy Mildew_712.jpg,Downy Mildew,2,Downy Mildew,2,0.9996
D:\CropDiseaseProject\grape_niphad\Downy Mildew\Downy Mildew_472.jpg,Downy Mildew,2,Downy Mildew,2,0.8836
D:\CropDiseaseProject\grape_niphad\Healthy Leaves\Healthy Leaves_721.jpg,Healthy Leaves,4,Healthy Leaves,4,0.9998
D:\CropDiseaseProject\grape_niphad\Healthy Leaves\Healthy Leaves_1133.jpg,Healthy Leaves,4,Healthy Leaves,4,0.9322
D:\CropDiseaseProject\grape_niphad\Bacterial Leaf Spot\Bacterial Leaf Spot_73.jpg,Bacterial Leaf Spot,0,Bacterial Leaf Spot,0,0.8566
D:\CropDiseaseProject\grape_niphad\Downy Mildew\Downy Mildew_852.jpg,Downy Mildew,2,Downy Mildew,2,0.9997
D:\CropDiseaseProject\grape_niphad\Downy Mildew\Downy Mildew_261.jpg,Downy Mildew,2,Downy Mildew,2,0.9999
D:\CropDiseaseProject\grape_niphad\Healthy Leaves\Healthy Leaves_446.jpg,Healthy Leaves,4,Healthy Leaves,4,0.9957
D:\CropDiseaseProject\grape_niphad\Healthy Leaves\Healthy Leaves_507.jpg,Healthy Leaves,4,Healthy Leaves,4,0.999
D:\CropDiseaseProject\grape_niphad\Healthy Leaves\Healthy Leaves_299.jpg,Healthy Leaves,4,Healthy Leaves,4,0.5384
D:\CropDiseaseProject\grape_niphad\Healthy Leaves\Healthy Leaves_1138.jpg,Healthy Leaves,4,Healthy Leaves,4,0.921
D:\CropDiseaseProject\grape_niphad\Powdery Mildew\Powdery Mildew_388.JPG,Powdery Mildew,6,Powdery Mildew,6,0.9926
D:\CropDiseaseProject\grape_niphad\Downy Mildew\Downy Mildew_632.jpg,Downy Mildew,2,Downy Mildew,2,0.9981
D:\CropDiseaseProject\grape_niphad\Healthy Leaves\Healthy Leaves_32.jpg,Healthy Leaves,4,Healthy Leaves,4,0.9372
D:\CropDiseaseProject\grape_niphad\Downy Mildew\Downy Mildew_473.jpg,Downy Mildew,2,Downy Mildew,2,0.9998
D:\CropDiseaseProject\grape_niphad\Healthy Leaves\Healthy Leaves_763.jpg,Healthy Leaves,4,Healthy Leaves,4,0.9941
D:\CropDiseaseProject\grape_niphad\Downy Mildew\Downy Mildew_132.jpg,Downy Mildew,2,Downy Mildew,2,0.9999
D:\CropDiseaseProject\grape_niphad\Downy Mildew\Downy Mildew_434.jpg,Downy Mildew,2,Downy Mildew,2,0.8485
D:\CropDiseaseProject\grape_niphad\Healthy Leaves\Healthy Leaves_910.jpg,Healthy Leaves,4,Healthy Leaves,4,0.7117
D:\CropDiseaseProject\grape_niphad\Powdery Mildew\Powdery Mildew_305.jpg,Powdery Mildew,6,Powdery Mildew,6,0.7801
D:\CropDiseaseProject\grape_niphad\Downy Mildew\Downy Mildew_918.jpg,Downy Mildew,2,Downy Mildew,2,0.9957
D:\CropDiseaseProject\grape_niphad\Healthy Leaves\Healthy Leaves_887.jpg,Healthy Leaves,4,Downy Mildew,2,0.6553
D:\CropDiseaseProject\grape_niphad\Healthy Leaves\Healthy Leaves_818.jpg,Healthy Leaves,4,Healthy Leaves,4,0.9916
D:\CropDiseaseProject\grape_niphad\Healthy Leaves\Healthy Leaves_801.jpg,Healthy Leaves,4,Healthy Leaves,4,0.9977
D:\CropDiseaseProject\grape_niphad\Healthy Leaves\Healthy Leaves_1161.png,Healthy Leaves,4,Healthy Leaves,4,0.9986
D:\CropDiseaseProject\grape_niphad\Powdery Mildew\Powdery Mildew_338.jpg,Powdery Mildew,6,Powdery Mildew,6,0.7561
D:\CropDiseaseProject\grape_niphad\Healthy Leaves\Healthy Leaves_776.jpg,Healthy Leaves,4,Healthy Leaves,4,0.9999
D:\CropDiseaseProject\grape_niphad\Healthy Leaves\Healthy Leaves_334.jpg,Healthy Leaves,4,Healthy Leaves,4,0.9997
D:\CropDiseaseProject\grape_niphad\Healthy Leaves\Healthy Leaves_1008.jpg,Healthy Leaves,4,Healthy Leaves,4,0.9996
D:\CropDiseaseProject\grape_niphad\Downy Mildew\Downy Mildew_701.jpg,Downy Mildew,2,Downy Mildew,2,0.8634
D:\CropDiseaseProject\grape_niphad\Healthy Leaves\Healthy Leaves_255.jpg,Healthy Leaves,4,Healthy Leaves,4,0.9982
D:\CropDiseaseProject\grape_niphad\Healthy Leaves\Healthy Leaves_901.jpg,Healthy Leaves,4,Healthy Leaves,4,0.942
D:\CropDiseaseProject\grape_niphad\Downy Mildew\Downy Mildew_228.jpg,Downy Mildew,2,Downy Mildew,2,0.9994
D:\CropDiseaseProject\grape_niphad\Healthy Leaves\Healthy Leaves_981.jpg,Healthy Leaves,4,Healthy Leaves,4,0.9995
D:\CropDiseaseProject\grape_niphad\Healthy Leaves\Healthy Leaves_38.jpg,Healthy Leaves,4,Healthy Leaves,4,0.9925
D:\CropDiseaseProject\grape_niphad\Healthy Leaves\Healthy Leaves_1115.jpg,Healthy Leaves,4,Healthy Leaves,4,0.9992
D:\CropDiseaseProject\grape_niphad\Powdery Mildew\Powdery Mildew_232.jpg,Powdery Mildew,6,Powdery Mildew,6,0.9856
D:\CropDiseaseProject\grape_niphad\Healthy Leaves\Healthy Leaves_155.jpg,Healthy Leaves,4,Healthy Leaves,4,0.9858
D:\CropDiseaseProject\grape_niphad\Downy Mildew\Downy Mildew_854.jpg,Downy Mildew,2,Downy Mildew,2,0.9999
D:\CropDiseaseProject\grape_niphad\Powdery Mildew\Powdery Mildew_215.jpg,Powdery Mildew,6,Powdery Mildew,6,0.8842
D:\CropDiseaseProject\grape_niphad\Healthy Leaves\Healthy Leaves_403.jpg,Healthy Leaves,4,Healthy Leaves,4,0.9999
D:\CropDiseaseProject\grape_niphad\Healthy Leaves\Healthy Leaves_549.jpg,Healthy Leaves,4,Healthy Leaves,4,1.0
D:\CropDiseaseProject\grape_niphad\Healthy Leaves\Healthy Leaves_509.jpg,Healthy Leaves,4,Healthy Leaves,4,0.9986
D:\CropDiseaseProject\grape_niphad\Healthy Leaves\Healthy Leaves_527.jpg,Healthy Leaves,4,Healthy Leaves,4,0.9992
D:\CropDiseaseProject\grape_niphad\Healthy Leaves\Healthy Leaves_402.jpg,Healthy Leaves,4,Healthy Leaves,4,0.8406
D:\CropDiseaseProject\grape_niphad\Bacterial Leaf Spot\Bacterial Leaf Spot_85.png,Bacterial Leaf Spot,0,Downy Mildew,2,0.9832
D:\CropDiseaseProject\grape_niphad\Downy Mildew\Downy Mildew_884.jpg,Downy Mildew,2,Downy Mildew,2,0.9999
D:\CropDiseaseProject\grape_niphad\Healthy Leaves\Healthy Leaves_198.jpg,Healthy Leaves,4,Healthy Leaves,4,0.8882
D:\CropDiseaseProject\grape_niphad\Downy Mildew\Downy Mildew_789.jpg,Downy Mildew,2,Downy Mildew,2,0.8441
D:\CropDiseaseProject\grape_niphad\Downy Mildew\Downy Mildew_683.jpg,Downy Mildew,2,Downy Mildew,2,0.9987
D:\CropDiseaseProject\grape_niphad\Downy Mildew\Downy Mildew_44.jpg,Downy Mildew,2,Downy Mildew,2,0.9925
D:\CropDiseaseProject\grape_niphad\Downy Mildew\Downy Mildew_267.jpg,Downy Mildew,2,Downy Mildew,2,0.9822
D:\CropDiseaseProject\grape_niphad\Downy Mildew\Downy Mildew_230.jpg,Downy Mildew,2,Downy Mildew,2,1.0
D:\CropDiseaseProject\grape_niphad\Downy Mildew\Downy Mildew_56.jpg,Downy Mildew,2,Downy Mildew,2,0.9952
D:\CropDiseaseProject\grape_niphad\Downy Mildew\Downy Mildew_718.jpg,Downy Mildew,2,Downy Mildew,2,1.0
D:\CropDiseaseProject\grape_niphad\Healthy Leaves\Healthy Leaves_777.jpg,Healthy Leaves,4,Healthy Leaves,4,0.9982
D:\CropDiseaseProject\grape_niphad\Powdery Mildew\Powdery Mildew_81.jpg,Powdery Mildew,6,Powdery Mildew,6,0.9932
D:\CropDiseaseProject\grape_niphad\Powdery Mildew\Powdery Mildew_378.JPG,Powdery Mildew,6,Powdery Mildew,6,0.9919
D:\CropDiseaseProject\grape_niphad\Powdery Mildew\Powdery Mildew_358.jpg,Powdery Mildew,6,Powdery Mildew,6,0.9981
D:\CropDiseaseProject\grape_niphad\Powdery Mildew\Powdery Mildew_351.jpg,Powdery Mildew,6,Powdery Mildew,6,0.999
D:\CropDiseaseProject\grape_niphad\Healthy Leaves\Healthy Leaves_768.jpg,Healthy Leaves,4,Healthy Leaves,4,0.9996
D:\CropDiseaseProject\grape_niphad\Downy Mildew\Downy Mildew_524.jpg,Downy Mildew,2,Downy Mildew,2,0.982
D:\CropDiseaseProject\grape_niphad\Powdery Mildew\Powdery Mildew_62.jpg,Powdery Mildew,6,Powdery Mildew,6,0.9993
D:\CropDiseaseProject\grape_niphad\Healthy Leaves\Healthy Leaves_109.jpg,Healthy Leaves,4,Healthy Leaves,4,0.9968
D:\CropDiseaseProject\grape_niphad\Healthy Leaves\Healthy Leaves_719.jpg,Healthy Leaves,4,Healthy Leaves,4,0.9999
D:\CropDiseaseProject\grape_niphad\Downy Mildew\Downy Mildew_404.jpg,Downy Mildew,2,Downy Mildew,2,0.9997
D:\CropDiseaseProject\grape_niphad\Healthy Leaves\Healthy Leaves_57.jpg,Healthy Leaves,4,Healthy Leaves,4,0.9976
D:\CropDiseaseProject\grape_niphad\Downy Mildew\Downy Mildew_825.jpg,Downy Mildew,2,Downy Mildew,2,0.9976
D:\CropDiseaseProject\grape_niphad\Downy Mildew\Downy Mildew_54.jpg,Downy Mildew,2,Downy Mildew,2,0.9966
D:\CropDiseaseProject\grape_niphad\Healthy Leaves\Healthy Leaves_276.jpg,Healthy Leaves,4,Healthy Leaves,4,0.9716
D:\CropDiseaseProject\grape_niphad\Healthy Leaves\Healthy Leaves_884.jpg,Healthy Leaves,4,Healthy Leaves,4,0.8172
D:\CropDiseaseProject\grape_niphad\Healthy Leaves\Healthy Leaves_701.jpg,Healthy Leaves,4,Healthy Leaves,4,0.9957
D:\CropDiseaseProject\grape_niphad\Healthy Leaves\Healthy Leaves_1124.jpg,Healthy Leaves,4,Healthy Leaves,4,0.8964
D:\CropDiseaseProject\grape_niphad\Healthy Leaves\Healthy Leaves_340.jpg,Healthy Leaves,4,Healthy Leaves,4,0.8591
D:\CropDiseaseProject\grape_niphad\Powdery Mildew\Powdery Mildew_335.jpg,Powdery Mildew,6,Powdery Mildew,6,0.9966
D:\CropDiseaseProject\grape_niphad\Downy Mildew\Downy Mildew_95.jpg,Downy Mildew,2,Downy Mildew,2,0.9828
D:\CropDiseaseProject\grape_niphad\Healthy Leaves\Healthy Leaves_29.jpg,Healthy Leaves,4,Healthy Leaves,4,0.985
D:\CropDiseaseProject\grape_niphad\Bacterial Leaf Spot\Bacterial Leaf Spot_94.png,Bacterial Leaf Spot,0,Bacterial Leaf Spot,0,0.9444
D:\CropDiseaseProject\grape_niphad\Healthy Leaves\Healthy Leaves_1130.jpg,Healthy Leaves,4,Healthy Leaves,4,0.9624
D:\CropDiseaseProject\grape_niphad\Powdery Mildew\Powdery Mildew_245.jpg,Powdery Mildew,6,Powdery Mildew,6,1.0
D:\CropDiseaseProject\grape_niphad\Powdery Mildew\Powdery Mildew_27.jpg,Powdery Mildew,6,Powdery Mildew,6,0.9723
D:\CropDiseaseProject\grape_niphad\Downy Mildew\Downy Mildew_308.jpg,Downy Mildew,2,Downy Mildew,2,1.0
D:\CropDiseaseProject\grape_niphad\Downy Mildew\Downy Mildew_815.jpg,Downy Mildew,2,Downy Mildew,2,0.9994
D:\CropDiseaseProject\grape_niphad\Healthy Leaves\Healthy Leaves_909.jpg,Healthy Leaves,4,Healthy Leaves,4,0.9134
D:\CropDiseaseProject\grape_niphad\Healthy Leaves\Healthy Leaves_685.jpg,Healthy Leaves,4,Healthy Leaves,4,0.9979
D:\CropDiseaseProject\grape_niphad\Downy Mildew\Downy Mildew_920.jpg,Downy Mildew,2,Downy Mildew,2,0.9998
D:\CropDiseaseProject\grape_niphad\Downy Mildew\Downy Mildew_113.jpg,Downy Mildew,2,Downy Mildew,2,0.6285
D:\CropDiseaseProject\grape_niphad\Healthy Leaves\Healthy Leaves_649.jpg,Healthy Leaves,4,Healthy Leaves,4,0.9929
D:\CropDiseaseProject\grape_niphad\Healthy Leaves\Healthy Leaves_110.jpg,Healthy Leaves,4,Healthy Leaves,4,0.9987
D:\CropDiseaseProject\grape_niphad\Healthy Leaves\Healthy Leaves_274.jpg,Healthy Leaves,4,Healthy Leaves,4,0.9741
D:\CropDiseaseProject\grape_niphad\Healthy Leaves\Healthy Leaves_823.jpg,Healthy Leaves,4,Healthy Leaves,4,0.91
D:\CropDiseaseProject\grape_niphad\Powdery Mildew\Powdery Mildew_104.jpg,Powdery Mildew,6,Powdery Mildew,6,0.9968
D:\CropDiseaseProject\grape_niphad\Downy Mildew\Downy Mildew_874.jpg,Downy Mildew,2,Downy Mildew,2,0.923
D:\CropDiseaseProject\grape_niphad\Downy Mildew\Downy Mildew_795.jpg,Downy Mildew,2,Downy Mildew,2,0.9997
D:\CropDiseaseProject\grape_niphad\Healthy Leaves\Healthy Leaves_848.jpg,Healthy Leaves,4,Healthy Leaves,4,0.9998
D:\CropDiseaseProject\grape_niphad\Downy Mildew\Downy Mildew_887.jpg,Downy Mildew,2,Downy Mildew,2,0.9952
D:\CropDiseaseProject\grape_niphad\Healthy Leaves\Healthy Leaves_177.jpg,Healthy Leaves,4,Healthy Leaves,4,0.9812
D:\CropDiseaseProject\grape_niphad\Downy Mildew\Downy Mildew_315.jpg,Downy Mildew,2,Downy Mildew,2,0.9999
D:\CropDiseaseProject\grape_niphad\Downy Mildew\Downy Mildew_766.jpg,Downy Mildew,2,Downy Mildew,2,0.9999
D:\CropDiseaseProject\grape_niphad\Healthy Leaves\Healthy Leaves_260.jpg,Healthy Leaves,4,Healthy Leaves,4,0.9984
D:\CropDiseaseProject\grape_niphad\Downy Mildew\Downy Mildew_60.jpg,Downy Mildew,2,Downy Mildew,2,0.9992
D:\CropDiseaseProject\grape_niphad\Downy Mildew\Downy Mildew_142.jpg,Downy Mildew,2,Downy Mildew,2,0.9997
D:\CropDiseaseProject\grape_niphad\Healthy Leaves\Healthy Leaves_52.jpg,Healthy Leaves,4,Downy Mildew,2,0.6347
D:\CropDiseaseProject\grape_niphad\Downy Mildew\Downy Mildew_206.jpg,Downy Mildew,2,Downy Mildew,2,0.9987
D:\CropDiseaseProject\grape_niphad\Downy Mildew\Downy Mildew_76.jpg,Downy Mildew,2,Downy Mildew,2,0.9283
D:\CropDiseaseProject\grape_niphad\Healthy Leaves\Healthy Leaves_600.jpg,Healthy Leaves,4,Healthy Leaves,4,0.9998
D:\CropDiseaseProject\grape_niphad\Healthy Leaves\Healthy Leaves_129.jpg,Healthy Leaves,4,Healthy Leaves,4,0.9812
D:\CropDiseaseProject\grape_niphad\Healthy Leaves\Healthy Leaves_614.jpg,Healthy Leaves,4,Healthy Leaves,4,0.9998
D:\CropDiseaseProject\grape_niphad\Downy Mildew\Downy Mildew_281.jpg,Downy Mildew,2,Downy Mildew,2,0.9998
D:\CropDiseaseProject\grape_niphad\Healthy Leaves\Healthy Leaves_374.jpg,Healthy Leaves,4,Healthy Leaves,4,0.9971
D:\CropDiseaseProject\grape_niphad\Healthy Leaves\Healthy Leaves_608.jpg,Healthy Leaves,4,Healthy Leaves,4,0.9867
D:\CropDiseaseProject\grape_niphad\Downy Mildew\Downy Mildew_646.jpg,Downy Mildew,2,Downy Mildew,2,0.9992
D:\CropDiseaseProject\grape_niphad\Powdery Mildew\Powdery Mildew_395.png,Powdery Mildew,6,Healthy Leaves,4,0.9258
D:\CropDiseaseProject\grape_niphad\Healthy Leaves\Healthy Leaves_1174.jpg,Healthy Leaves,4,Healthy Leaves,4,0.9992
D:\CropDiseaseProject\grape_niphad\Healthy Leaves\Healthy Leaves_594.jpg,Healthy Leaves,4,Healthy Leaves,4,0.9997
D:\CropDiseaseProject\grape_niphad\Downy Mildew\Downy Mildew_909.jpg,Downy Mildew,2,Downy Mildew,2,0.9856
D:\CropDiseaseProject\grape_niphad\Downy Mildew\Downy Mildew_883.jpg,Downy Mildew,2,Downy Mildew,2,0.9719
D:\CropDiseaseProject\grape_niphad\Downy Mildew\Downy Mildew_660.jpg,Downy Mildew,2,Downy Mildew,2,0.9047
D:\CropDiseaseProject\grape_niphad\Downy Mildew\Downy Mildew_943.jpg,Downy Mildew,2,Downy Mildew,2,0.9986
D:\CropDiseaseProject\grape_niphad\Downy Mildew\Downy Mildew_571.jpg,Downy Mildew,2,Downy Mildew,2,0.9864
D:\CropDiseaseProject\grape_niphad\Healthy Leaves\Healthy Leaves_658.jpg,Healthy Leaves,4,Healthy Leaves,4,0.9999
D:\CropDiseaseProject\grape_niphad\Healthy Leaves\Healthy Leaves_135.png,Healthy Leaves,4,Healthy Leaves,4,0.9985
D:\CropDiseaseProject\grape_niphad\Healthy Leaves\Healthy Leaves_245.jpg,Healthy Leaves,4,Healthy Leaves,4,0.9995
D:\CropDiseaseProject\grape_niphad\Healthy Leaves\Healthy Leaves_1140.jpg,Healthy Leaves,4,Healthy Leaves,4,0.9983
D:\CropDiseaseProject\grape_niphad\Downy Mildew\Downy Mildew_620.jpg,Downy Mildew,2,Downy Mildew,2,0.9955
D:\CropDiseaseProject\grape_niphad\Downy Mildew\Downy Mildew_598.jpg,Downy Mildew,2,Downy Mildew,2,0.9997
D:\CropDiseaseProject\grape_niphad\Healthy Leaves\Healthy Leaves_802.jpg,Healthy Leaves,4,Healthy Leaves,4,1.0
D:\CropDiseaseProject\grape_niphad\Powdery Mildew\Powdery Mildew_339.jpg,Powdery Mildew,6,Downy Mildew,2,0.5193
D:\CropDiseaseProject\grape_niphad\Downy Mildew\Downy Mildew_286.jpg,Downy Mildew,2,Downy Mildew,2,0.995
D:\CropDiseaseProject\grape_niphad\Powdery Mildew\Powdery Mildew_85.jpg,Powdery Mildew,6,Powdery Mildew,6,0.9997
D:\CropDiseaseProject\grape_niphad\Healthy Leaves\Healthy Leaves_782.jpg,Healthy Leaves,4,Healthy Leaves,4,0.9992
D:\CropDiseaseProject\grape_niphad\Powdery Mildew\Powdery Mildew_19.jpg,Powdery Mildew,6,Powdery Mildew,6,0.8389
D:\CropDiseaseProject\grape_niphad\Downy Mildew\Downy Mildew_846.jpg,Downy Mildew,2,Downy Mildew,2,0.9896
D:\CropDiseaseProject\grape_niphad\Powdery Mildew\Powdery Mildew_8.png,Powdery Mildew,6,Esca (Black Measles),3,0.7298
D:\CropDiseaseProject\grape_niphad\Healthy Leaves\Healthy Leaves_914.jpg,Healthy Leaves,4,Healthy Leaves,4,0.6624
D:\CropDiseaseProject\grape_niphad\Healthy Leaves\Healthy Leaves_423.jpg,Healthy Leaves,4,Healthy Leaves,4,0.9953
D:\CropDiseaseProject\grape_niphad\Downy Mildew\Downy Mildew_457.jpg,Downy Mildew,2,Powdery Mildew,6,0.8972
D:\CropDiseaseProject\grape_niphad\Downy Mildew\Downy Mildew_146.JPG,Downy Mildew,2,Powdery Mildew,6,0.6276
D:\CropDiseaseProject\grape_niphad\Downy Mildew\Downy Mildew_858.jpg,Downy Mildew,2,Downy Mildew,2,0.9994
D:\CropDiseaseProject\grape_niphad\Downy Mildew\Downy Mildew_877.jpg,Downy Mildew,2,Downy Mildew,2,0.9979
D:\CropDiseaseProject\grape_niphad\Powdery Mildew\Powdery Mildew_134.jpg,Powdery Mildew,6,Powdery Mildew,6,0.9845
D:\CropDiseaseProject\grape_niphad\Downy Mildew\Downy Mildew_821.jpg,Downy Mildew,2,Downy Mildew,2,0.9707
D:\CropDiseaseProject\grape_niphad\Healthy Leaves\Healthy Leaves_464.jpg,Healthy Leaves,4,Healthy Leaves,4,0.9999
D:\CropDiseaseProject\grape_niphad\Healthy Leaves\Healthy Leaves_1202.jpg,Healthy Leaves,4,Healthy Leaves,4,0.9971
D:\CropDiseaseProject\grape_niphad\Downy Mildew\Downy Mildew_331.jpg,Downy Mildew,2,Downy Mildew,2,0.9998
D:\CropDiseaseProject\grape_niphad\Healthy Leaves\Healthy Leaves_23.jpg,Healthy Leaves,4,Healthy Leaves,4,0.4651
D:\CropDiseaseProject\grape_niphad\Healthy Leaves\Healthy Leaves_433.jpg,Healthy Leaves,4,Healthy Leaves,4,0.9864
D:\CropDiseaseProject\grape_niphad\Healthy Leaves\Healthy Leaves_985.jpg,Healthy Leaves,4,Healthy Leaves,4,0.9996
D:\CropDiseaseProject\grape_niphad\Powdery Mildew\Powdery Mildew_202.jpg,Powdery Mildew,6,Powdery Mildew,6,0.9798
D:\CropDiseaseProject\grape_niphad\Powdery Mildew\Powdery Mildew_306.jpg,Powdery Mildew,6,Healthy Leaves,4,0.5467
D:\CropDiseaseProject\grape_niphad\Healthy Leaves\Healthy Leaves_990.jpg,Healthy Leaves,4,Healthy Leaves,4,0.9968
D:\CropDiseaseProject\grape_niphad\Downy Mildew\Downy Mildew_704.jpg,Downy Mildew,2,Downy Mildew,2,0.9976
D:\CropDiseaseProject\grape_niphad\Healthy Leaves\Healthy Leaves_1194.jpg,Healthy Leaves,4,Healthy Leaves,4,0.9989
D:\CropDiseaseProject\grape_niphad\Healthy Leaves\Healthy Leaves_1149.jpg,Healthy Leaves,4,Healthy Leaves,4,0.9986
D:\CropDiseaseProject\grape_niphad\Powdery Mildew\Powdery Mildew_173.jpg,Powdery Mildew,6,Powdery Mildew,6,0.8342
D:\CropDiseaseProject\grape_niphad\Downy Mildew\Downy Mildew_350.jpg,Downy Mildew,2,Downy Mildew,2,0.9998
D:\CropDiseaseProject\grape_niphad\Downy Mildew\Downy Mildew_242.jpg,Downy Mildew,2,Downy Mildew,2,1.0
D:\CropDiseaseProject\grape_niphad\Healthy Leaves\Healthy Leaves_556.jpg,Healthy Leaves,4,Healthy Leaves,4,0.9994
D:\CropDiseaseProject\grape_niphad\Healthy Leaves\Healthy Leaves_234.jpg,Healthy Leaves,4,Healthy Leaves,4,0.9992
D:\CropDiseaseProject\grape_niphad\Healthy Leaves\Healthy Leaves_489.jpg,Healthy Leaves,4,Healthy Leaves,4,1.0
D:\CropDiseaseProject\grape_niphad\Healthy Leaves\Healthy Leaves_821.jpg,Healthy Leaves,4,Healthy Leaves,4,0.9995
D:\CropDiseaseProject\grape_niphad\Healthy Leaves\Healthy Leaves_1084.jpg,Healthy Leaves,4,Healthy Leaves,4,0.9984
D:\CropDiseaseProject\grape_niphad\Downy Mildew\Downy Mildew_354.jpg,Downy Mildew,2,Downy Mildew,2,0.513
D:\CropDiseaseProject\grape_niphad\Downy Mildew\Downy Mildew_664.jpg,Downy Mildew,2,Downy Mildew,2,0.8184
D:\CropDiseaseProject\grape_niphad\Downy Mildew\Downy Mildew_118.jpg,Downy Mildew,2,Downy Mildew,2,0.9884
D:\CropDiseaseProject\grape_niphad\Downy Mildew\Downy Mildew_915.jpg,Downy Mildew,2,Downy Mildew,2,0.9658
D:\CropDiseaseProject\grape_niphad\Healthy Leaves\Healthy Leaves_1075.jpg,Healthy Leaves,4,Healthy Leaves,4,0.9713
D:\CropDiseaseProject\grape_niphad\Healthy Leaves\Healthy Leaves_857.jpg,Healthy Leaves,4,Healthy Leaves,4,0.9996
D:\CropDiseaseProject\grape_niphad\Downy Mildew\Downy Mildew_438.jpg,Downy Mildew,2,Downy Mildew,2,1.0
D:\CropDiseaseProject\grape_niphad\Downy Mildew\Downy Mildew_122.jpg,Downy Mildew,2,Downy Mildew,2,1.0
D:\CropDiseaseProject\grape_niphad\Healthy Leaves\Healthy Leaves_1167.jpg,Healthy Leaves,4,Healthy Leaves,4,0.99
D:\CropDiseaseProject\grape_niphad\Powdery Mildew\Powdery Mildew_393.JPG,Powdery Mildew,6,Powdery Mildew,6,0.8948
D:\CropDiseaseProject\grape_niphad\Healthy Leaves\Healthy Leaves_508.jpg,Healthy Leaves,4,Healthy Leaves,4,0.9941
D:\CropDiseaseProject\grape_niphad\Healthy Leaves\Healthy Leaves_1217.jpg,Healthy Leaves,4,Healthy Leaves,4,0.9952
D:\CropDiseaseProject\grape_niphad\Powdery Mildew\Powdery Mildew_368.JPG,Powdery Mildew,6,Powdery Mildew,6,0.9919
D:\CropDiseaseProject\grape_niphad\Healthy Leaves\Healthy Leaves_291.jpg,Healthy Leaves,4,Healthy Leaves,4,0.9844
D:\CropDiseaseProject\grape_niphad\Powdery Mildew\Powdery Mildew_261.jpg,Powdery Mildew,6,Powdery Mildew,6,0.9985
D:\CropDiseaseProject\grape_niphad\Downy Mildew\Downy Mildew_264.jpg,Downy Mildew,2,Downy Mildew,2,1.0
D:\CropDiseaseProject\grape_niphad\Powdery Mildew\Powdery Mildew_246.jpg,Powdery Mildew,6,Powdery Mildew,6,0.9985
D:\CropDiseaseProject\grape_niphad\Downy Mildew\Downy Mildew_305.jpg,Downy Mildew,2,Downy Mildew,2,0.9998
D:\CropDiseaseProject\grape_niphad\Powdery Mildew\Powdery Mildew_259.jpg,Powdery Mildew,6,Powdery Mildew,6,0.7534
D:\CropDiseaseProject\grape_niphad\Healthy Leaves\Healthy Leaves_604.jpg,Healthy Leaves,4,Healthy Leaves,4,0.4784
D:\CropDiseaseProject\grape_niphad\Downy Mildew\Downy Mildew_240.jpg,Downy Mildew,2,Downy Mildew,2,0.899
D:\CropDiseaseProject\grape_niphad\Healthy Leaves\Healthy Leaves_729.jpg,Healthy Leaves,4,Healthy Leaves,4,1.0
D:\CropDiseaseProject\grape_niphad\Downy Mildew\Downy Mildew_773.jpg,Downy Mildew,2,Downy Mildew,2,0.9999
D:\CropDiseaseProject\grape_niphad\Healthy Leaves\Healthy Leaves_310.jpg,Healthy Leaves,4,Healthy Leaves,4,0.9985
D:\CropDiseaseProject\grape_niphad\Downy Mildew\Downy Mildew_616.jpg,Downy Mildew,2,Downy Mildew,2,1.0
D:\CropDiseaseProject\grape_niphad\Downy Mildew\Downy Mildew_591.jpg,Downy Mildew,2,Downy Mildew,2,1.0
D:\CropDiseaseProject\grape_niphad\Healthy Leaves\Healthy Leaves_43.jpg,Healthy Leaves,4,Healthy Leaves,4,0.9208
D:\CropDiseaseProject\grape_niphad\Healthy Leaves\Healthy Leaves_684.jpg,Healthy Leaves,4,Healthy Leaves,4,0.9081
D:\CropDiseaseProject\grape_niphad\Healthy Leaves\Healthy Leaves_61.jpg,Healthy Leaves,4,Healthy Leaves,4,0.9396
D:\CropDiseaseProject\grape_niphad\Healthy Leaves\Healthy Leaves_19.jpg,Healthy Leaves,4,Healthy Leaves,4,0.9416
D:\CropDiseaseProject\grape_niphad\Downy Mildew\Downy Mildew_554.jpg,Downy Mildew,2,Downy Mildew,2,0.9997
D:\CropDiseaseProject\grape_niphad\Downy Mildew\Downy Mildew_306.jpg,Downy Mildew,2,Downy Mildew,2,1.0
D:\CropDiseaseProject\grape_niphad\Downy Mildew\Downy Mildew_531.jpg,Downy Mildew,2,Downy Mildew,2,1.0
D:\CropDiseaseProject\grape_niphad\Bacterial Leaf Spot\Bacterial Leaf Spot_38.jpg,Bacterial Leaf Spot,0,Bacterial Leaf Spot,0,0.9464
D:\CropDiseaseProject\grape_niphad\Healthy Leaves\Healthy Leaves_51.jpg,Healthy Leaves,4,Healthy Leaves,4,0.9962
D:\CropDiseaseProject\grape_niphad\Downy Mildew\Downy Mildew_102.jpg,Downy Mildew,2,Downy Mildew,2,0.9958
D:\CropDiseaseProject\grape_niphad\Healthy Leaves\Healthy Leaves_325.jpg,Healthy Leaves,4,Healthy Leaves,4,0.9967
D:\CropDiseaseProject\grape_niphad\Healthy Leaves\Healthy Leaves_174.jpg,Healthy Leaves,4,Healthy Leaves,4,0.9981
D:\CropDiseaseProject\grape_niphad\Powdery Mildew\Powdery Mildew_290.jpg,Powdery Mildew,6,Powdery Mildew,6,0.9077
D:\CropDiseaseProject\grape_niphad\Downy Mildew\Downy Mildew_790.jpg,Downy Mildew,2,Downy Mildew,2,0.9955
D:\CropDiseaseProject\grape_niphad\Bacterial Leaf Spot\Bacterial Leaf Spot_21.jpg,Bacterial Leaf Spot,0,Bacterial Leaf Spot,0,0.9388
D:\CropDiseaseProject\grape_niphad\Healthy Leaves\Healthy Leaves_44.jpg,Healthy Leaves,4,Healthy Leaves,4,0.9884
D:\CropDiseaseProject\grape_niphad\Healthy Leaves\Healthy Leaves_220.jpg,Healthy Leaves,4,Healthy Leaves,4,0.9232
D:\CropDiseaseProject\grape_niphad\Healthy Leaves\Healthy Leaves_420.jpg,Healthy Leaves,4,Healthy Leaves,4,0.9894
D:\CropDiseaseProject\grape_niphad\Downy Mildew\Downy Mildew_539.jpg,Downy Mildew,2,Downy Mildew,2,1.0
D:\CropDiseaseProject\grape_niphad\Healthy Leaves\Healthy Leaves_882.jpg,Healthy Leaves,4,Healthy Leaves,4,0.7257
D:\CropDiseaseProject\grape_niphad\Powdery Mildew\Powdery Mildew_399.JPG,Powdery Mildew,6,Powdery Mildew,6,0.9931
D:\CropDiseaseProject\grape_niphad\Downy Mildew\Downy Mildew_804.jpg,Downy Mildew,2,Downy Mildew,2,0.9719
D:\CropDiseaseProject\grape_niphad\Downy Mildew\Downy Mildew_619.jpg,Downy Mildew,2,Downy Mildew,2,0.9924
D:\CropDiseaseProject\grape_niphad\Healthy Leaves\Healthy Leaves_922.jpg,Healthy Leaves,4,Healthy Leaves,4,0.9549
D:\CropDiseaseProject\grape_niphad\Healthy Leaves\Healthy Leaves_1018.jpg,Healthy Leaves,4,Healthy Leaves,4,0.9989
D:\CropDiseaseProject\grape_niphad\Healthy Leaves\Healthy Leaves_164.jpg,Healthy Leaves,4,Healthy Leaves,4,0.9107
D:\CropDiseaseProject\grape_niphad\Bacterial Leaf Spot\Bacterial Leaf Spot_42.JPG,Bacterial Leaf Spot,0,Bacterial Leaf Spot,0,0.9011
D:\CropDiseaseProject\grape_niphad\Downy Mildew\Downy Mildew_469.jpg,Downy Mildew,2,Downy Mildew,2,1.0
D:\CropDiseaseProject\grape_niphad\Downy Mildew\Downy Mildew_823.jpg,Downy Mildew,2,Downy Mildew,2,0.9006
D:\CropDiseaseProject\grape_niphad\Bacterial Leaf Spot\Bacterial Leaf Spot_61.jpg,Bacterial Leaf Spot,0,Bacterial Leaf Spot,0,0.9777
D:\CropDiseaseProject\grape_niphad\Downy Mildew\Downy Mildew_680.jpg,Downy Mildew,2,Downy Mildew,2,1.0
D:\CropDiseaseProject\grape_niphad\Healthy Leaves\Healthy Leaves_919.jpg,Healthy Leaves,4,Healthy Leaves,4,0.9925
D:\CropDiseaseProject\grape_niphad\Healthy Leaves\Healthy Leaves_867.jpg,Healthy Leaves,4,Healthy Leaves,4,0.9977
D:\CropDiseaseProject\grape_niphad\Healthy Leaves\Healthy Leaves_1035.jpg,Healthy Leaves,4,Healthy Leaves,4,0.9985
D:\CropDiseaseProject\grape_niphad\Healthy Leaves\Healthy Leaves_1114.jpg,Healthy Leaves,4,Healthy Leaves,4,0.9044
D:\CropDiseaseProject\grape_niphad\Healthy Leaves\Healthy Leaves_1054.jpg,Healthy Leaves,4,Healthy Leaves,4,0.9996
D:\CropDiseaseProject\grape_niphad\Healthy Leaves\Healthy Leaves_469.jpg,Healthy Leaves,4,Healthy Leaves,4,0.9987
D:\CropDiseaseProject\grape_niphad\Downy Mildew\Downy Mildew_447.jpg,Downy Mildew,2,Downy Mildew,2,1.0
D:\CropDiseaseProject\grape_niphad\Downy Mildew\Downy Mildew_131.jpg,Downy Mildew,2,Downy Mildew,2,0.748
D:\CropDiseaseProject\grape_niphad\Healthy Leaves\Healthy Leaves_1201.jpg,Healthy Leaves,4,Healthy Leaves,4,0.9966
D:\CropDiseaseProject\grape_niphad\Powdery Mildew\Powdery Mildew_359.jpg,Powdery Mildew,6,Powdery Mildew,6,0.9783
D:\CropDiseaseProject\grape_niphad\Downy Mildew\Downy Mildew_936.jpg,Downy Mildew,2,Downy Mildew,2,0.9992
D:\CropDiseaseProject\grape_niphad\Healthy Leaves\Healthy Leaves_970.jpg,Healthy Leaves,4,Healthy Leaves,4,0.8489
D:\CropDiseaseProject\grape_niphad\Powdery Mildew\Powdery Mildew_326.jpg,Powdery Mildew,6,Powdery Mildew,6,0.9962
D:\CropDiseaseProject\grape_niphad\Healthy Leaves\Healthy Leaves_940.jpg,Healthy Leaves,4,Healthy Leaves,4,0.9679
D:\CropDiseaseProject\grape_niphad\Healthy Leaves\Healthy Leaves_383.jpg,Healthy Leaves,4,Healthy Leaves,4,0.9998
D:\CropDiseaseProject\grape_niphad\Downy Mildew\Downy Mildew_706.jpg,Downy Mildew,2,Downy Mildew,2,0.8333
D:\CropDiseaseProject\grape_niphad\Healthy Leaves\Healthy Leaves_320.jpg,Healthy Leaves,4,Healthy Leaves,4,0.997
D:\CropDiseaseProject\grape_niphad\Healthy Leaves\Healthy Leaves_183.jpg,Healthy Leaves,4,Healthy Leaves,4,0.9998
D:\CropDiseaseProject\grape_niphad\Downy Mildew\Downy Mildew_813.jpg,Downy Mildew,2,Downy Mildew,2,0.9999
D:\CropDiseaseProject\grape_niphad\Downy Mildew\Downy Mildew_2.jpg,Downy Mildew,2,Healthy Leaves,4,0.9657
D:\CropDiseaseProject\grape_niphad\Healthy Leaves\Healthy Leaves_298.jpg,Healthy Leaves,4,Healthy Leaves,4,0.9978
D:\CropDiseaseProject\grape_niphad\Healthy Leaves\Healthy Leaves_450.jpg,Healthy Leaves,4,Healthy Leaves,4,0.9998
D:\CropDiseaseProject\grape_niphad\Downy Mildew\Downy Mildew_451.jpg,Downy Mildew,2,Downy Mildew,2,1.0
D:\CropDiseaseProject\grape_niphad\Healthy Leaves\Healthy Leaves_1023.jpg,Healthy Leaves,4,Healthy Leaves,4,0.9912
D:\CropDiseaseProject\grape_niphad\Powdery Mildew\Powdery Mildew_254.jpg,Powdery Mildew,6,Powdery Mildew,6,0.9988
D:\CropDiseaseProject\grape_niphad\Healthy Leaves\Healthy Leaves_362.jpg,Healthy Leaves,4,Healthy Leaves,4,0.9999
D:\CropDiseaseProject\grape_niphad\Downy Mildew\Downy Mildew_497.jpg,Downy Mildew,2,Downy Mildew,2,0.997
D:\CropDiseaseProject\grape_niphad\Healthy Leaves\Healthy Leaves_573.jpg,Healthy Leaves,4,Healthy Leaves,4,0.9977
D:\CropDiseaseProject\grape_niphad\Healthy Leaves\Healthy Leaves_1136.jpg,Healthy Leaves,4,Healthy Leaves,4,0.9982
D:\CropDiseaseProject\grape_niphad\Healthy Leaves\Healthy Leaves_1095.jpg,Healthy Leaves,4,Healthy Leaves,4,0.9724
D:\CropDiseaseProject\grape_niphad\Healthy Leaves\Healthy Leaves_592.jpg,Healthy Leaves,4,Healthy Leaves,4,0.9997
D:\CropDiseaseProject\grape_niphad\Healthy Leaves\Healthy Leaves_1086.jpg,Healthy Leaves,4,Powdery Mildew,6,0.7492
D:\CropDiseaseProject\grape_niphad\Healthy Leaves\Healthy Leaves_908.jpg,Healthy Leaves,4,Healthy Leaves,4,0.9946
D:\CropDiseaseProject\grape_niphad\Powdery Mildew\Powdery Mildew_47.jpg,Powdery Mildew,6,Powdery Mildew,6,0.9996
D:\CropDiseaseProject\grape_niphad\Powdery Mildew\Powdery Mildew_170.jpg,Powdery Mildew,6,Powdery Mildew,6,0.9858
D:\CropDiseaseProject\grape_niphad\Downy Mildew\Downy Mildew_788.jpg,Downy Mildew,2,Downy Mildew,2,0.9994
D:\CropDiseaseProject\grape_niphad\Healthy Leaves\Healthy Leaves_925.jpg,Healthy Leaves,4,Healthy Leaves,4,0.9884
D:\CropDiseaseProject\grape_niphad\Healthy Leaves\Healthy Leaves_181.jpg,Healthy Leaves,4,Healthy Leaves,4,0.993
D:\CropDiseaseProject\grape_niphad\Healthy Leaves\Healthy Leaves_814.jpg,Healthy Leaves,4,Healthy Leaves,4,0.9958
D:\CropDiseaseProject\grape_niphad\Healthy Leaves\Healthy Leaves_799.jpg,Healthy Leaves,4,Healthy Leaves,4,0.9977
D:\CropDiseaseProject\grape_niphad\Downy Mildew\Downy Mildew_608.jpg,Downy Mildew,2,Downy Mildew,2,0.9999
D:\CropDiseaseProject\grape_niphad\Healthy Leaves\Healthy Leaves_561.jpg,Healthy Leaves,4,Healthy Leaves,4,0.999
D:\CropDiseaseProject\grape_niphad\Healthy Leaves\Healthy Leaves_531.jpg,Healthy Leaves,4,Healthy Leaves,4,0.9985
D:\CropDiseaseProject\grape_niphad\Downy Mildew\Downy Mildew_806.jpg,Downy Mildew,2,Downy Mildew,2,0.8208
D:\CropDiseaseProject\grape_niphad\Bacterial Leaf Spot\Bacterial Leaf Spot_55.jpg,Bacterial Leaf Spot,0,Bacterial Leaf Spot,0,1.0
D:\CropDiseaseProject\grape_niphad\Powdery Mildew\Powdery Mildew_71.jpg,Powdery Mildew,6,Powdery Mildew,6,0.9996
D:\CropDiseaseProject\grape_niphad\Bacterial Leaf Spot\Bacterial Leaf Spot_60.jpg,Bacterial Leaf Spot,0,Bacterial Leaf Spot,0,0.7224
D:\CropDiseaseProject\grape_niphad\Downy Mildew\Downy Mildew_738.jpg,Downy Mildew,2,Downy Mildew,2,0.993
D:\CropDiseaseProject\grape_niphad\Healthy Leaves\Healthy Leaves_841.jpg,Healthy Leaves,4,Healthy Leaves,4,0.9992
D:\CropDiseaseProject\grape_niphad\Downy Mildew\Downy Mildew_27.jpg,Downy Mildew,2,Downy Mildew,2,0.9586
D:\CropDiseaseProject\grape_niphad\Healthy Leaves\Healthy Leaves_247.jpg,Healthy Leaves,4,Healthy Leaves,4,0.7594
D:\CropDiseaseProject\grape_niphad\Healthy Leaves\Healthy Leaves_1131.jpg,Healthy Leaves,4,Healthy Leaves,4,0.9995
D:\CropDiseaseProject\grape_niphad\Downy Mildew\Downy Mildew_479.jpg,Downy Mildew,2,Downy Mildew,2,0.9789
D:\CropDiseaseProject\grape_niphad\Powdery Mildew\Powdery Mildew_84.jpg,Powdery Mildew,6,Powdery Mildew,6,1.0
D:\CropDiseaseProject\grape_niphad\Downy Mildew\Downy Mildew_801.jpg,Downy Mildew,2,Downy Mildew,2,0.7568
D:\CropDiseaseProject\grape_niphad\Downy Mildew\Downy Mildew_88.jpg,Downy Mildew,2,Downy Mildew,2,0.9967
D:\CropDiseaseProject\grape_niphad\Healthy Leaves\Healthy Leaves_570.jpg,Healthy Leaves,4,Healthy Leaves,4,1.0
D:\CropDiseaseProject\grape_niphad\Downy Mildew\Downy Mildew_933.jpg,Downy Mildew,2,Downy Mildew,2,0.9997
D:\CropDiseaseProject\grape_niphad\Downy Mildew\Downy Mildew_465.jpg,Downy Mildew,2,Downy Mildew,2,1.0
D:\CropDiseaseProject\grape_niphad\Downy Mildew\Downy Mildew_271.jpg,Downy Mildew,2,Downy Mildew,2,0.9999
D:\CropDiseaseProject\grape_niphad\Powdery Mildew\Powdery Mildew_176.jpg,Powdery Mildew,6,Powdery Mildew,6,0.9957
D:\CropDiseaseProject\grape_niphad\Healthy Leaves\Healthy Leaves_338.jpg,Healthy Leaves,4,Healthy Leaves,4,0.999
D:\CropDiseaseProject\grape_niphad\Healthy Leaves\Healthy Leaves_5.jpg,Healthy Leaves,4,Downy Mildew,2,0.6392
D:\CropDiseaseProject\grape_niphad\Healthy Leaves\Healthy Leaves_601.jpg,Healthy Leaves,4,Healthy Leaves,4,0.9982
D:\CropDiseaseProject\grape_niphad\Powdery Mildew\Powdery Mildew_329.jpg,Powdery Mildew,6,Powdery Mildew,6,0.6038
D:\CropDiseaseProject\grape_niphad\Healthy Leaves\Healthy Leaves_1083.jpg,Healthy Leaves,4,Healthy Leaves,4,0.9998
D:\CropDiseaseProject\grape_niphad\Downy Mildew\Downy Mildew_461.jpg,Downy Mildew,2,Downy Mildew,2,1.0
D:\CropDiseaseProject\grape_niphad\Downy Mildew\Downy Mildew_412.jpg,Downy Mildew,2,Downy Mildew,2,0.9565
D:\CropDiseaseProject\grape_niphad\Healthy Leaves\Healthy Leaves_1028.jpg,Healthy Leaves,4,Healthy Leaves,4,0.9984
D:\CropDiseaseProject\grape_niphad\Healthy Leaves\Healthy Leaves_1191.jpg,Healthy Leaves,4,Healthy Leaves,4,0.9986
D:\CropDiseaseProject\grape_niphad\Healthy Leaves\Healthy Leaves_343.jpg,Healthy Leaves,4,Healthy Leaves,4,0.9978
D:\CropDiseaseProject\grape_niphad\Healthy Leaves\Healthy Leaves_387.jpg,Healthy Leaves,4,Healthy Leaves,4,0.9999
D:\CropDiseaseProject\grape_niphad\Downy Mildew\Downy Mildew_300.jpg,Downy Mildew,2,Downy Mildew,2,0.9961
D:\CropDiseaseProject\grape_niphad\Powdery Mildew\Powdery Mildew_21.jpg,Powdery Mildew,6,Powdery Mildew,6,0.9972
D:\CropDiseaseProject\grape_niphad\Downy Mildew\Downy Mildew_20.jpg,Downy Mildew,2,Downy Mildew,2,0.997
D:\CropDiseaseProject\grape_niphad\Downy Mildew\Downy Mildew_787.jpg,Downy Mildew,2,Downy Mildew,2,0.7967
D:\CropDiseaseProject\grape_niphad\Healthy Leaves\Healthy Leaves_613.jpg,Healthy Leaves,4,Healthy Leaves,4,1.0
D:\CropDiseaseProject\grape_niphad\Powdery Mildew\Powdery Mildew_52.jpg,Powdery Mildew,6,Powdery Mildew,6,0.9375
D:\CropDiseaseProject\grape_niphad\Healthy Leaves\Healthy Leaves_555.jpg,Healthy Leaves,4,Healthy Leaves,4,0.9999
D:\CropDiseaseProject\grape_niphad\Powdery Mildew\Powdery Mildew_203.jpg,Powdery Mildew,6,Powdery Mildew,6,0.7547
D:\CropDiseaseProject\grape_niphad\Powdery Mildew\Powdery Mildew_126.jpg,Powdery Mildew,6,Powdery Mildew,6,0.9989
D:\CropDiseaseProject\grape_niphad\Downy Mildew\Downy Mildew_650.jpg,Downy Mildew,2,Downy Mildew,2,0.9982
D:\CropDiseaseProject\grape_niphad\Powdery Mildew\Powdery Mildew_225.jpg,Powdery Mildew,6,Downy Mildew,2,0.545
D:\CropDiseaseProject\grape_niphad\Healthy Leaves\Healthy Leaves_381.jpg,Healthy Leaves,4,Healthy Leaves,4,0.9998
D:\CropDiseaseProject\grape_niphad\Powdery Mildew\Powdery Mildew_44.jpg,Powdery Mildew,6,Powdery Mildew,6,0.9702
D:\CropDiseaseProject\grape_niphad\Healthy Leaves\Healthy Leaves_293.jpg,Healthy Leaves,4,Healthy Leaves,4,0.9992
