Model,Subset,Sample Count,Accuracy,Weighted F1,Macro F1 (Rep),Accuracy_Float,Weighted_F1_Float,Macro_F1_Float
Baseline,Track B (External),120,51.67%,45.18%,45.18%,0.5166666666666667,0.45175581648184393,0.45175581648184393
Baseline,Track C (Real-World),97,57.73%,53.57%,52.37%,0.5773195876288659,0.5356547448775126,0.5236969652085185
Baseline,Experiment 5 (PlantDoc),115,43.48%,46.02%,45.19%,0.43478260869565216,0.46022294623575377,0.45190927361469996
Candidate B,Track B (External),120,51.67%,42.76%,42.76%,0.5166666666666667,0.42761486771742185,0.42761486771742185
Candidate B,Track C (Real-World),97,54.64%,48.01%,45.75%,0.5463917525773195,0.4801472703621926,0.4574815956171888
Candidate B,Experiment 5 (PlantDoc),115,40.00%,49.75%,49.73%,0.4,0.4975222066386162,0.49731182795698925
Candidate D,Track B (External),120,89.17%,88.68%,88.68%,0.8916666666666667,0.8867946372097226,0.8867946372097226
Candidate D,Track C (Real-World),97,79.38%,80.03%,79.84%,0.7938144329896907,0.800333535476046,0.7983922735760971
Candidate D,Experiment 5 (PlantDoc),115,45.22%,56.14%,56.26%,0.45217391304347826,0.5613831680650903,0.5625730994152047
