evaluation_track,crop,true_label,predicted_label,count,mean_confidence,max_confidence,example_file
TRACK_B_EXTERNAL,Tomato,Tomato___Target_Spot,Tomato___Early_blight,23,0.8213158638580985,0.9982482194900513,D:\CropDiseaseProject\results\model_robustness_audit\audit_images\track_b_external\tomato\Tomato___Target_Spot\rk_sau_IMG_0361_JPG.rf.9df45f9f1d831bf0c30f3d62a2cd8b7a.jpg
TRACK_B_EXTERNAL,Grape,Powdery Mildew,Healthy Leaves,21,0.8475304473014105,0.9951209425926208,D:\CropDiseaseProject\results\model_robustness_audit\audit_images\track_b_external\grape\Powdery Mildew\gldd_003e8cb4-02e0-4e82-94c2-8845d178c088_jpg.rf.838d6db1c071c16d252bbed873fe1ae8.jpg
TRACK_C_REALWORLD,Tomato,Tomato___Tomato_Yellow_Leaf_Curl_Virus,Tomato___Late_blight,20,0.9126923829317093,0.9997610449790955,D:\CropDiseaseProject\results\model_robustness_audit\audit_images\track_c_realworld\tomato\Tomato___Tomato_Yellow_Leaf_Curl_Virus\pd_real_11-40580_5.jpg
TRACK_B_EXTERNAL,Grape,Esca (Black Measles),Healthy Leaves,19,0.8447433961065192,0.9993064403533936,D:\CropDiseaseProject\results\model_robustness_audit\audit_images\track_b_external\grape\Esca (Black Measles)\baliwaka_00000001.jpg
TRACK_B_EXTERNAL,Tomato,Tomato___Tomato_mosaic_virus,Tomato___Late_blight,19,0.8497691436817771,0.9999721050262451,D:\CropDiseaseProject\results\model_robustness_audit\audit_images\track_b_external\tomato\Tomato___Tomato_mosaic_virus\plantdoc_1422_0.jpeg.jpg
TRACK_B_EXTERNAL,Tomato,Tomato___Tomato_Yellow_Leaf_Curl_Virus,Tomato___Late_blight,19,0.8712576094426607,0.9997642636299133,D:\CropDiseaseProject\results\model_robustness_audit\audit_images\track_b_external\tomato\Tomato___Tomato_Yellow_Leaf_Curl_Virus\pak_1342017-162221-44540.jpg
TRACK_D_CROSS_CROP,Chilli,Cross-Crop: Tomato,cerocospora,18,0.7660110609398948,0.9866140484809875,D:\CropDiseaseProject\tomato_plantvillage\Tomato___healthy\651c7556-f25e-46b9-97db-4793a2a3b642___RS_HL 0219.JPG
TRACK_B_EXTERNAL,Grape,Leaf Blight,Powdery Mildew,18,0.8220629956987169,0.9985490441322327,D:\CropDiseaseProject\results\model_robustness_audit\audit_images\track_b_external\grape\Leaf Blight\baliwaka_00000001.jpg
TRACK_D_CROSS_CROP,Tomato,Cross-Crop: Chilli,Tomato___Early_blight,18,0.9630514416429732,0.9999933242797852,D:\CropDiseaseProject\chilli_cold\cerocospora\IMG_4053.JPG
TRACK_C_REALWORLD,Tomato,Tomato___Septoria_leaf_spot,Tomato___Early_blight,17,0.8759498508537517,0.9999988079071045,D:\CropDiseaseProject\results\model_robustness_audit\audit_images\track_c_realworld\tomato\Tomato___Septoria_leaf_spot\pd_real_0.jpg
TRACK_B_EXTERNAL,Tomato,Tomato___Septoria_leaf_spot,Tomato___Early_blight,17,0.8813305006307715,0.998826801776886,D:\CropDiseaseProject\results\model_robustness_audit\audit_images\track_b_external\tomato\Tomato___Septoria_leaf_spot\pak_1058_0.jpeg_itok=OQkdtxgv.jpg
TRACK_B_EXTERNAL,Chilli,murda complex,cerocospora,16,0.5166344307363033,0.9310789704322815,D:\CropDiseaseProject\results\model_robustness_audit\audit_images\track_b_external\chilli\murda complex\ulfa_Leaf_Curl__1_.jpg
TRACK_B_EXTERNAL,Tomato,Tomato___healthy,Tomato___Late_blight,16,0.8998796455562115,0.9999394416809082,D:\CropDiseaseProject\results\model_robustness_audit\audit_images\track_b_external\tomato\Tomato___healthy\pak_003.JPG.jpg
TRACK_C_REALWORLD,Tomato,Tomato___healthy,Tomato___Late_blight,16,0.9022984616458416,0.9977487921714783,D:\CropDiseaseProject\results\model_robustness_audit\audit_images\track_c_realworld\tomato\Tomato___healthy\pd_real_1684.jpg
TRACK_A_INTERNAL,Chilli,nutritional deficiency,cerocospora,16,0.6672320924699306,0.9801919460296632,D:\CropDiseaseProject\chilli_cold\nutritional deficiency\IMG_3469.JPG
TRACK_C_REALWORLD,Grape,Leaf Blight,Powdery Mildew,15,0.8667267243067424,0.998279333114624,D:\CropDiseaseProject\results\model_robustness_audit\audit_images\track_c_realworld\grape\Leaf Blight\vineyard_00000041.jpg
TRACK_B_EXTERNAL,Grape,Black Rot,Healthy Leaves,15,0.7324773490428924,0.9964627623558044,D:\CropDiseaseProject\results\model_robustness_audit\audit_images\track_b_external\grape\Black Rot\baliwaka_00000001.jpg
TRACK_C_REALWORLD,Grape,Black Rot,Healthy Leaves,15,0.7081825276215871,0.9968113303184509,D:\CropDiseaseProject\results\model_robustness_audit\audit_images\track_c_realworld\grape\Black Rot\pd_real_35589125035_662dd5b258_b.jpg
TRACK_B_EXTERNAL,Tomato,Tomato___Bacterial_spot,Tomato___Early_blight,14,0.8329056203365326,0.9999698400497437,D:\CropDiseaseProject\results\model_robustness_audit\audit_images\track_b_external\tomato\Tomato___Bacterial_spot\plantdoc_05-069f9.jpg
TRACK_C_REALWORLD,Tomato,Tomato___Early_blight,Tomato___Late_blight,14,0.877449027129582,0.9993205070495605,D:\CropDiseaseProject\results\model_robustness_audit\audit_images\track_c_realworld\tomato\Tomato___Early_blight\pd_real_1234080-Early-Blight.jpg
TRACK_B_EXTERNAL,Grape,Black Rot,Powdery Mildew,14,0.7621389904192516,0.973770260810852,D:\CropDiseaseProject\results\model_robustness_audit\audit_images\track_b_external\grape\Black Rot\baliwaka_00000002.jpg
TRACK_D_CROSS_CROP,Grape,Cross-Crop: Sugarcane,Bacterial Leaf Spot,13,0.7595017277277433,0.9956974983215332,D:\CropDiseaseProject\sugarcane_large\Diseases\Viral Disease\Viral Disease553.jpg
TRACK_D_CROSS_CROP,Grape,Cross-Crop: Chilli,Leaf Blight,13,0.7469496910388653,0.9593799114227295,D:\CropDiseaseProject\chilli_cold\nutritional deficiency\IMG_3285.JPG
TRACK_D_CROSS_CROP,Tomato,Cross-Crop: Sugarcane,Tomato___Tomato_Yellow_Leaf_Curl_Virus,13,0.9646774163612952,1.0,D:\CropDiseaseProject\sugarcane_large\Diseases\Viral Disease\Viral Disease553.jpg
TRACK_D_CROSS_CROP,Sugarcane,Cross-Crop: Tomato,Yellow Leaf Disease,13,0.810193405701564,0.9988466501235962,D:\CropDiseaseProject\tomato_plantvillage\Tomato___Leaf_Mold\a6a109c7-b0f1-4475-8b50-22681c59a909___Crnl_L.Mold 6551.JPG
TRACK_C_REALWORLD,Grape,Esca (Black Measles),Healthy Leaves,13,0.762785751086015,0.9857147336006165,D:\CropDiseaseProject\results\model_robustness_audit\audit_images\track_c_realworld\grape\Esca (Black Measles)\vineyard_00000043.jpg
TRACK_B_EXTERNAL,Tomato,Tomato___Leaf_Mold,Tomato___Late_blight,13,0.8613867026108962,0.9999282360076904,D:\CropDiseaseProject\results\model_robustness_audit\audit_images\track_b_external\tomato\Tomato___Leaf_Mold\pak_1723454500586.jpg
TRACK_B_EXTERNAL,Tomato,Tomato___healthy,Tomato___Early_blight,13,0.8473654297681955,0.9998754262924194,D:\CropDiseaseProject\results\model_robustness_audit\audit_images\track_b_external\tomato\Tomato___healthy\pak_20140818-tomato-sauce-vicky-wasik-1.jpg
TRACK_D_UNRELATED,Chilli,Unrelated / Non-Leaf,cerocospora,12,0.8710096205274264,0.998089611530304,D:\CropDiseaseProject\results\model_robustness_audit\audit_images\track_d_unrelated\baboon.jpg
TRACK_D_CROSS_CROP,Sugarcane,Cross-Crop: Chilli,Pokkah Boeng,12,0.8384691402316093,0.9996262788772583,D:\CropDiseaseProject\chilli_cold\nutritional deficiency\IMG_3285.JPG
TRACK_C_REALWORLD,Tomato,Tomato___Leaf_Mold,Tomato___Early_blight,11,0.8526693853464994,0.9997125267982483,D:\CropDiseaseProject\results\model_robustness_audit\audit_images\track_c_realworld\tomato\Tomato___Leaf_Mold\pd_real_50_20Leafmold_20Top.jpg
TRACK_D_CROSS_CROP,Chilli,Cross-Crop: Sugarcane,healthy,11,0.5358931774442847,0.8217494487762451,D:\CropDiseaseProject\sugarcane_large\Diseases\Brown Spot\image1496.jpg
TRACK_D_CROSS_CROP,Chilli,Cross-Crop: Grape,healthy,11,0.6174488961696625,0.9158636927604675,D:\CropDiseaseProject\grape_2024\healthy\healthy533.jpg
TRACK_A_INTERNAL,Chilli,healthy,cerocospora,11,0.5540540191260251,0.8478919267654419,D:\CropDiseaseProject\chilli_cold\healthy\IMG_4417.JPG
TRACK_C_REALWORLD,Chilli,murda complex,cerocospora,11,0.6591501452706077,0.9644427299499512,D:\CropDiseaseProject\results\model_robustness_audit\audit_images\track_c_realworld\chilli\murda complex\ulfa_field_Leaf_Curl__1039_.jpg
TRACK_B_EXTERNAL,Tomato,Tomato___Early_blight,Tomato___Late_blight,11,0.8244884339245883,0.9996756315231323,D:\CropDiseaseProject\results\model_robustness_audit\audit_images\track_b_external\tomato\Tomato___Early_blight\pak_100_46341.jpg
TRACK_D_CROSS_CROP,Tomato,Cross-Crop: Sugarcane,Tomato___Late_blight,11,0.9432916749607433,1.0,D:\CropDiseaseProject\sugarcane_large\Diseases\Brown Spot\image297.jpg
TRACK_B_EXTERNAL,Tomato,Tomato___Leaf_Mold,Tomato___Early_blight,10,0.9119596242904663,0.9984918832778931,D:\CropDiseaseProject\results\model_robustness_audit\audit_images\track_b_external\tomato\Tomato___Leaf_Mold\pak_23633262_1572609386115825_1396180255_o.jpg
TRACK_B_EXTERNAL,Tomato,Tomato___Tomato_mosaic_virus,Tomato___Early_blight,10,0.8977813959121704,0.9998434782028198,D:\CropDiseaseProject\results\model_robustness_audit\audit_images\track_b_external\tomato\Tomato___Tomato_mosaic_virus\plantdoc_51196-004-61703A1B.jpg
TRACK_B_EXTERNAL,Tomato,Tomato___Late_blight,Tomato___Early_blight,10,0.8517041862010956,0.9718862771987915,D:\CropDiseaseProject\results\model_robustness_audit\audit_images\track_b_external\tomato\Tomato___Late_blight\pak_5816170621_e1cce08736_z.jpg
TRACK_C_REALWORLD,Tomato,Tomato___healthy,Tomato___Early_blight,10,0.8607649743556977,0.999975323677063,D:\CropDiseaseProject\results\model_robustness_audit\audit_images\track_c_realworld\tomato\Tomato___healthy\pd_real_2013-08-20-06.jpg
TRACK_B_EXTERNAL,Grape,Downy Mildew,Healthy Leaves,10,0.8307260662317276,0.9962912797927856,D:\CropDiseaseProject\results\model_robustness_audit\audit_images\track_b_external\grape\Downy Mildew\gldd_1573744-PPT_jpg.rf.71758ce1e89ecb1357630780f438940d.jpg
TRACK_B_EXTERNAL,Sugarcane,Healthy Leaves,Mosaic / Viral Disease,10,0.6405676603317261,0.9674094915390015,D:\CropDiseaseProject\results\model_robustness_audit\audit_images\track_b_external\sugarcane\Healthy Leaves\sabid_S_H-1-_jpg.rf.d9010f699490fd0b0e37fc050d99d9fd.jpg
TRACK_D_UNRELATED,Tomato,Unrelated / Non-Leaf,Tomato___Early_blight,10,0.9233348667621613,0.9999227523803711,D:\CropDiseaseProject\results\model_robustness_audit\audit_images\track_d_unrelated\aloeL.jpg
TRACK_C_REALWORLD,Grape,Black Rot,Powdery Mildew,10,0.803346472978592,0.9797234535217285,D:\CropDiseaseProject\results\model_robustness_audit\audit_images\track_c_realworld\grape\Black Rot\pd_real_grape_F15a.jpg
TRACK_A_INTERNAL,Sugarcane,Pokkah Boeng,Smut,10,0.7344098269939423,0.9295373558998108,D:\CropDiseaseProject\sugarcane_large\Diseases\Pokkah Boeng\Pokkah Boeng028.jpg
TRACK_B_EXTERNAL,Grape,Downy Mildew,Black Rot,9,0.676119840807385,0.9858893156051636,D:\CropDiseaseProject\results\model_robustness_audit\audit_images\track_b_external\grape\Downy Mildew\gldd_1_jpg.rf.361e3c2f1eb29cc6e36e438efc5e4969.jpg
TRACK_D_CROSS_CROP,Grape,Cross-Crop: Tomato,Healthy Leaves,9,0.8766321606106229,0.9843658208847046,D:\CropDiseaseProject\tomato_plantvillage\Tomato___healthy\651c7556-f25e-46b9-97db-4793a2a3b642___RS_HL 0219.JPG
TRACK_B_EXTERNAL,Chilli,cerocospora,healthy,9,0.5645451479487948,0.7654622793197632,D:\CropDiseaseProject\results\model_robustness_audit\audit_images\track_b_external\chilli\cerocospora\ulfa_Spot_Leaf_-___100_.jpg
TRACK_B_EXTERNAL,Chilli,murda complex,healthy,9,0.4584650331073337,0.6104369163513184,D:\CropDiseaseProject\results\model_robustness_audit\audit_images\track_b_external\chilli\murda complex\ulfa_Leaf_Curl__1000_.jpg
TRACK_C_REALWORLD,Chilli,healthy,cerocospora,9,0.5716651810540093,0.7559167742729187,D:\CropDiseaseProject\results\model_robustness_audit\audit_images\track_c_realworld\chilli\healthy\pd_real_IMG_1629.JPG_1507122477.jpg
TRACK_C_REALWORLD,Tomato,Tomato___Leaf_Mold,Tomato___Late_blight,9,0.8430011802249484,0.9987934827804565,D:\CropDiseaseProject\results\model_robustness_audit\audit_images\track_c_realworld\tomato\Tomato___Leaf_Mold\pd_real_49_20Leafmold_20Bottom.jpg
TRACK_D_CROSS_CROP,Sugarcane,Cross-Crop: Chilli,Smut,9,0.6917575829558902,0.9233575463294983,D:\CropDiseaseProject\chilli_cold\cerocospora\IMG_4053.JPG
TRACK_D_CROSS_CROP,Chilli,Cross-Crop: Sugarcane,cerocospora,8,0.6289616823196411,0.952024519443512,D:\CropDiseaseProject\sugarcane_large\Diseases\Viral Disease\Viral Disease553.jpg
TRACK_A_INTERNAL,Grape,Leaf Blight,Esca (Black Measles),8,0.6844783872365952,0.9189756512641908,D:\CropDiseaseProject\grape_2024\leaf blight\leaf blight485.jpg
TRACK_D_CROSS_CROP,Sugarcane,Cross-Crop: Grape,Yellow Leaf Disease,8,0.8141249679028988,0.9783498048782349,D:\CropDiseaseProject\grape_niphad\Downy Mildew\Downy Mildew_608.jpg
TRACK_B_EXTERNAL,Sugarcane,Red Rot,Brown Spot,8,0.5745159722864628,0.8615877032279968,D:\CropDiseaseProject\results\model_robustness_audit\audit_images\track_b_external\sugarcane\Red Rot\sabid_S_RR-5-_JPG.rf.4184cc7af557b7e9d8f11f8d4a2d6dc5.jpg
TRACK_B_EXTERNAL,Tomato,Tomato___Bacterial_spot,Tomato___Septoria_leaf_spot,8,0.8331523202359676,0.9974473714828491,D:\CropDiseaseProject\results\model_robustness_audit\audit_images\track_b_external\tomato\Tomato___Bacterial_spot\plantdoc_05-069f1.jpg
TRACK_B_EXTERNAL,Grape,Powdery Mildew,Esca (Black Measles),8,0.7619150131940842,0.99980229139328,D:\CropDiseaseProject\results\model_robustness_audit\audit_images\track_b_external\grape\Powdery Mildew\gldd_099a83f8-97a6-4802-9261-3231550a5834_jpg.rf.6434058691a2b6f7f8aa8f4e9788ac16.jpg
TRACK_A_INTERNAL,Chilli,murda complex,cerocospora,7,0.5572228389126914,0.770574152469635,D:\CropDiseaseProject\chilli_cold\murda complex\IMG_4746.JPG
TRACK_D_CROSS_CROP,Grape,Cross-Crop: Sugarcane,Leaf Blight,7,0.7635231528963361,0.9683158993721008,D:\CropDiseaseProject\sugarcane_large\Diseases\Brown Spot\image1496.jpg
TRACK_C_REALWORLD,Sugarcane,Red Rot,Rust (Brown Rust),7,0.6572826589856829,0.9198079705238342,D:\CropDiseaseProject\results\model_robustness_audit\audit_images\track_c_realworld\sugarcane\Red Rot\sc_field_S_RR-25-_JPG.rf.ff3c77e1661e0db9271eaf6b49c9eab1.jpg
TRACK_D_CROSS_CROP,Grape,Cross-Crop: Chilli,Esca (Black Measles),7,0.7722250521183014,0.9318518042564392,D:\CropDiseaseProject\chilli_cold\nutritional deficiency\IMG_3427.JPG
TRACK_D_CROSS_CROP,Tomato,Cross-Crop: Chilli,Tomato___Late_blight,7,0.8211708239146641,0.9938850998878479,D:\CropDiseaseProject\chilli_cold\healthy\IMG_3918.JPG
TRACK_B_EXTERNAL,Tomato,Tomato___Target_Spot,Tomato___Late_blight,7,0.9371820347649711,0.9995123147964478,D:\CropDiseaseProject\results\model_robustness_audit\audit_images\track_b_external\tomato\Tomato___Target_Spot\rk_sau_IMG_0997_JPG.rf.0a42d559759d32c155086347939521ac.jpg
TRACK_B_EXTERNAL,Tomato,Tomato___Tomato_Yellow_Leaf_Curl_Virus,Tomato___Early_blight,7,0.8105360099247524,0.9813175797462463,D:\CropDiseaseProject\results\model_robustness_audit\audit_images\track_b_external\tomato\Tomato___Tomato_Yellow_Leaf_Curl_Virus\pak_18071.img.jpg
TRACK_B_EXTERNAL,Tomato,Tomato___Septoria_leaf_spot,Tomato___Late_blight,7,0.7347791109766278,0.9835485816001892,D:\CropDiseaseProject\results\model_robustness_audit\audit_images\track_b_external\tomato\Tomato___Septoria_leaf_spot\pak_140714+%2811%29.JPG.jpg
TRACK_D_UNRELATED,Grape,Unrelated / Non-Leaf,Healthy Leaves,7,0.8686198549611228,0.998805046081543,D:\CropDiseaseProject\results\model_robustness_audit\audit_images\track_d_unrelated\cards.png
TRACK_D_CROSS_CROP,Tomato,Cross-Crop: Grape,Tomato___Late_blight,7,0.7916894044194903,0.9998458623886108,D:\CropDiseaseProject\grape_2024\esca\esca871.jpg
TRACK_C_REALWORLD,Sugarcane,Healthy Leaves,Brown Spot,7,0.7045528377805438,0.9923345446586609,D:\CropDiseaseProject\results\model_robustness_audit\audit_images\track_c_realworld\sugarcane\Healthy Leaves\sc_field_S_H-3-_jpg.rf.e7b97170effc9e607e1dd489cb686ef5.jpg
TRACK_C_REALWORLD,Grape,Downy Mildew,Esca (Black Measles),7,0.7780412094933646,0.9315900802612305,D:\CropDiseaseProject\results\model_robustness_audit\audit_images\track_c_realworld\grape\Downy Mildew\gldd_field_image52_jpeg_jpg.rf.03502a187ccd04c2cf7a9e1c394f0cbc.jpg
TRACK_B_EXTERNAL,Grape,Healthy Leaves,Black Rot,6,0.763162632783254,0.940321683883667,D:\CropDiseaseProject\results\model_robustness_audit\audit_images\track_b_external\grape\Healthy Leaves\plantdoc_Grolleau_noir_leaves.jpg
TRACK_B_EXTERNAL,Tomato,Tomato___Bacterial_spot,Tomato___Late_blight,6,0.8037215073903402,0.9996702671051025,D:\CropDiseaseProject\results\model_robustness_audit\audit_images\track_b_external\tomato\Tomato___Bacterial_spot\plantdoc_10-3-bacterial-speck-on-tomato-RON.jpg
TRACK_C_REALWORLD,Tomato,Tomato___Septoria_leaf_spot,Tomato___Late_blight,6,0.5737538039684296,0.8751394152641296,D:\CropDiseaseProject\results\model_robustness_audit\audit_images\track_c_realworld\tomato\Tomato___Septoria_leaf_spot\pd_real_636227737977191231-septoria-leaf-spot-VT.jpg
TRACK_B_EXTERNAL,Grape,Downy Mildew,Powdery Mildew,6,0.8649828632672628,0.9859970808029175,D:\CropDiseaseProject\results\model_robustness_audit\audit_images\track_b_external\grape\Downy Mildew\gldd_5602331-PPT_jpg.rf.1609eaa2e436930c4fa4b21e1ba26442.jpg
TRACK_C_REALWORLD,Sugarcane,Healthy Leaves,Mosaic / Viral Disease,6,0.7458226134379705,0.9908279180526733,D:\CropDiseaseProject\results\model_robustness_audit\audit_images\track_c_realworld\sugarcane\Healthy Leaves\sc_field_S_H-29-_jpg.rf.59a48f7060f1369d7cb39a3bf045ecb6.jpg
TRACK_C_REALWORLD,Tomato,Tomato___Late_blight,Tomato___Early_blight,6,0.8772905568281809,0.9871177077293396,D:\CropDiseaseProject\results\model_robustness_audit\audit_images\track_c_realworld\tomato\Tomato___Late_blight\pd_real_70.jpg
TRACK_D_CROSS_CROP,Grape,Cross-Crop: Tomato,Downy Mildew,6,0.7534807523091634,0.9759889841079712,D:\CropDiseaseProject\tomato_plantvillage\Tomato___Leaf_Mold\a6a109c7-b0f1-4475-8b50-22681c59a909___Crnl_L.Mold 6551.JPG
TRACK_D_CROSS_CROP,Grape,Cross-Crop: Tomato,Powdery Mildew,6,0.7598819037278494,0.9723601341247559,D:\CropDiseaseProject\tomato_plantvillage\Tomato___Septoria_leaf_spot\0806cabf-f026-43bd-a508-0e8e5a185341___Matt.S_CG 1266.JPG
TRACK_D_CROSS_CROP,Sugarcane,Cross-Crop: Grape,Smut,6,0.6839013199011484,0.9943079352378845,D:\CropDiseaseProject\grape_2024\healthy\healthy008.jpg
TRACK_D_CROSS_CROP,Tomato,Cross-Crop: Grape,Tomato___Septoria_leaf_spot,6,0.8741080661614736,0.9680174589157104,D:\CropDiseaseProject\grape_2024\healthy\healthy008.jpg
TRACK_A_INTERNAL,Sugarcane,Yellow Leaf Disease,Mosaic / Viral Disease,6,0.6921137571334839,0.9929468035697936,D:\CropDiseaseProject\sugarcane_maharashtra\Yellow\yellow (378).jpeg
TRACK_C_REALWORLD,Tomato,Tomato___Tomato_mosaic_virus,Tomato___Late_blight,6,0.937126100063324,0.9991710186004639,D:\CropDiseaseProject\results\model_robustness_audit\audit_images\track_c_realworld\tomato\Tomato___Tomato_mosaic_virus\pd_real_D_29AlfMov.jpg
TRACK_D_UNRELATED,Sugarcane,Unrelated / Non-Leaf,Mosaic / Viral Disease,5,0.68977370262146,0.8968814015388489,D:\CropDiseaseProject\results\model_robustness_audit\audit_images\track_d_unrelated\building.jpg
TRACK_D_UNRELATED,Tomato,Unrelated / Non-Leaf,Tomato___Late_blight,5,0.8772454023361206,0.9956642985343933,D:\CropDiseaseProject\results\model_robustness_audit\audit_images\track_d_unrelated\chessboard.png
TRACK_D_UNRELATED,Sugarcane,Unrelated / Non-Leaf,Yellow Leaf Disease,5,0.6857605576515198,0.9736058115959167,D:\CropDiseaseProject\results\model_robustness_audit\audit_images\track_d_unrelated\baboon.jpg
TRACK_D_CROSS_CROP,Grape,Cross-Crop: Chilli,Black Rot,5,0.7237325608730316,0.9066929221153259,D:\CropDiseaseProject\chilli_cold\cerocospora\IMG_4053.JPG
TRACK_C_REALWORLD,Chilli,murda complex,healthy,5,0.45562297105789185,0.5598986148834229,D:\CropDiseaseProject\results\model_robustness_audit\audit_images\track_c_realworld\chilli\murda complex\ulfa_field_Leaf_Curl__1051_.jpg
TRACK_D_CROSS_CROP,Tomato,Cross-Crop: Grape,Tomato___Bacterial_spot,5,0.7081392168998718,0.9413379430770874,D:\CropDiseaseProject\grape_niphad\Downy Mildew\Downy Mildew_773.jpg
TRACK_A_INTERNAL,Sugarcane,Mosaic / Viral Disease,Healthy Leaves,5,0.6764841437339782,0.9363861680030824,D:\CropDiseaseProject\sugarcane_maharashtra\Mosaic\mosaic (193).jpeg
TRACK_D_CROSS_CROP,Sugarcane,Cross-Crop: Tomato,Rust (Brown Rust),5,0.7228602230548858,0.9540174603462219,D:\CropDiseaseProject\tomato_plantvillage\Tomato___Septoria_leaf_spot\0806cabf-f026-43bd-a508-0e8e5a185341___Matt.S_CG 1266.JPG
TRACK_D_CROSS_CROP,Chilli,Cross-Crop: Grape,cerocospora,5,0.7131052732467651,0.975262463092804,D:\CropDiseaseProject\grape_niphad\Downy Mildew\Downy Mildew_608.jpg
TRACK_C_REALWORLD,Grape,Esca (Black Measles),Powdery Mildew,5,0.7195378184318543,0.9898504018783569,D:\CropDiseaseProject\results\model_robustness_audit\audit_images\track_c_realworld\grape\Esca (Black Measles)\vineyard_00000041.jpg
TRACK_B_EXTERNAL,Grape,Esca (Black Measles),Powdery Mildew,5,0.7115671396255493,0.9909608960151672,D:\CropDiseaseProject\results\model_robustness_audit\audit_images\track_b_external\grape\Esca (Black Measles)\baliwaka_00000007.jpg
TRACK_D_CROSS_CROP,Sugarcane,Cross-Crop: Tomato,Mosaic / Viral Disease,5,0.7207858204841614,0.9567356109619141,D:\CropDiseaseProject\tomato_plantvillage\Tomato___healthy\651c7556-f25e-46b9-97db-4793a2a3b642___RS_HL 0219.JPG
TRACK_A_INTERNAL,Chilli,murda complex,healthy,5,0.5134568095207215,0.628335177898407,D:\CropDiseaseProject\chilli_cold\murda complex\IMG_4220.JPG
TRACK_A_INTERNAL,Grape,Esca (Black Measles),Leaf Blight,5,0.7464247465133667,0.8197223544120789,D:\CropDiseaseProject\grape_2024\esca\esca259.jpg
TRACK_B_EXTERNAL,Grape,Leaf Blight,Healthy Leaves,5,0.6954462885856628,0.9738986492156982,D:\CropDiseaseProject\results\model_robustness_audit\audit_images\track_b_external\grape\Leaf Blight\baliwaka_00000009.jpg
TRACK_B_EXTERNAL,Chilli,murda complex,nutritional deficiency,5,0.4643853783607483,0.7983828186988831,D:\CropDiseaseProject\results\model_robustness_audit\audit_images\track_b_external\chilli\murda complex\ulfa_Leaf_Curl__1007_.jpg
TRACK_C_REALWORLD,Sugarcane,Red Rot,Brown Spot,4,0.667292132973671,0.9439693093299866,D:\CropDiseaseProject\results\model_robustness_audit\audit_images\track_c_realworld\sugarcane\Red Rot\sc_field_S_RR-26-_JPG.rf.95179375be6727f1482f0e92080f2947.jpg
TRACK_B_EXTERNAL,Grape,Esca (Black Measles),Downy Mildew,4,0.8150693327188492,0.9976304769515991,D:\CropDiseaseProject\results\model_robustness_audit\audit_images\track_b_external\grape\Esca (Black Measles)\baliwaka_00000011.jpg
TRACK_A_INTERNAL,Sugarcane,Brown Spot,Yellow Leaf Disease,4,0.6068617105484009,0.7604958415031433,D:\CropDiseaseProject\sugarcane_large\Diseases\Brown Spot\image047.jpg
TRACK_A_INTERNAL,Sugarcane,Rust (Brown Rust),Brown Spot,4,0.5189929828047752,0.7847765684127808,D:\CropDiseaseProject\sugarcane_large\Diseases\BrownRust\image175.jpg
TRACK_A_INTERNAL,Sugarcane,Mosaic / Viral Disease,Rust (Brown Rust),4,0.5142480209469795,0.8304747343063354,D:\CropDiseaseProject\sugarcane_maharashtra\Mosaic\mosaic (63).jpeg
TRACK_A_INTERNAL,Sugarcane,Mosaic / Viral Disease,Yellow Leaf Disease,4,0.6519426479935646,0.8140138387680054,D:\CropDiseaseProject\sugarcane_maharashtra\Mosaic\mosaic (23).jpeg
TRACK_D_CROSS_CROP,Tomato,Cross-Crop: Grape,Tomato___Early_blight,4,0.7739341855049133,0.998950183391571,D:\CropDiseaseProject\grape_2024\Black rot\black rot663.jpg
TRACK_A_INTERNAL,Sugarcane,Smut,Pokkah Boeng,4,0.5749082863330841,0.647650420665741,D:\CropDiseaseProject\sugarcane_large\Diseases\smut\Smut087.jpg
TRACK_C_REALWORLD,Grape,Downy Mildew,Black Rot,4,0.7398043572902679,0.9379409551620483,D:\CropDiseaseProject\results\model_robustness_audit\audit_images\track_c_realworld\grape\Downy Mildew\gldd_field_septoria-leaf-spota_jpg.rf.c2becf5aa3f448f8b66d0bf7da470932.jpg
TRACK_D_UNRELATED,Grape,Unrelated / Non-Leaf,Leaf Blight,4,0.8000724017620087,0.9876396059989929,D:\CropDiseaseProject\results\model_robustness_audit\audit_images\track_d_unrelated\graf1.png
TRACK_C_REALWORLD,Chilli,cerocospora,healthy,4,0.525094635784626,0.6019337773323059,D:\CropDiseaseProject\results\model_robustness_audit\audit_images\track_c_realworld\chilli\cerocospora\pd_real_H5w92.jpg
TRACK_C_REALWORLD,Grape,Downy Mildew,Healthy Leaves,4,0.5858087241649628,0.7041755318641663,D:\CropDiseaseProject\results\model_robustness_audit\audit_images\track_c_realworld\grape\Downy Mildew\gldd_field_stock-photo-alternaria-leaf-spot-alternaria-cucumerina-on-bitter-melon-momordica-charantia-1679534689_jpg.rf.b5369a7c8ed8284906548cd2276ef2cd.jpg
TRACK_A_INTERNAL,Chilli,powdery mildew,cerocospora,4,0.5083653330802917,0.710879921913147,D:\CropDiseaseProject\chilli_cold\powdery mildew\IMG_5514.JPG
TRACK_C_REALWORLD,Tomato,Tomato___Bacterial_spot,Tomato___Early_blight,4,0.8542261272668839,0.9999111890792847,D:\CropDiseaseProject\results\model_robustness_audit\audit_images\track_c_realworld\tomato\Tomato___Bacterial_spot\pd_real__2320_Bacterial_Spot_and_Speck.jpg
TRACK_C_REALWORLD,Tomato,Tomato___Leaf_Mold,Tomato___Septoria_leaf_spot,4,0.6478288322687149,0.9658811092376709,D:\CropDiseaseProject\results\model_robustness_audit\audit_images\track_c_realworld\tomato\Tomato___Leaf_Mold\pak_field_IMG-20240724-WA0107.jpg
TRACK_B_EXTERNAL,Sugarcane,Red Rot,Banded Chlorosis,4,0.48438504338264465,0.6282473802566528,D:\CropDiseaseProject\results\model_robustness_audit\audit_images\track_b_external\sugarcane\Red Rot\sabid_S_RR-94-_JPG.rf.5ada4a8c16672407c863fae7c2a4a623.jpg
TRACK_D_CROSS_CROP,Chilli,Cross-Crop: Grape,murda complex,4,0.6605435609817505,0.7410488128662109,D:\CropDiseaseProject\grape_2024\esca\esca871.jpg
TRACK_D_CROSS_CROP,Grape,Cross-Crop: Tomato,Bacterial Leaf Spot,4,0.7871689349412918,0.8295063972473145,D:\CropDiseaseProject\tomato_plantvillage\Tomato___Late_blight\6560f944-521b-4ed7-981d-39c66953e598___GHLB2 Leaf 8850.JPG
TRACK_A_INTERNAL,Grape,Leaf Blight,Black Rot,4,0.8829907029867172,0.993977427482605,D:\CropDiseaseProject\grape_2024\leaf blight\leaf blight079.jpg
TRACK_A_INTERNAL,Chilli,healthy,murda complex,4,0.5598937347531319,0.7820720672607422,D:\CropDiseaseProject\chilli_cold\healthy\IMG_3880.JPG
TRACK_D_CROSS_CROP,Chilli,Cross-Crop: Tomato,nutritional deficiency,4,0.587446503341198,0.9139528870582581,D:\CropDiseaseProject\tomato_plantvillage\Tomato___Late_blight\16984239-2e67-407e-b600-4a3666500534___RS_Late.B 5182.JPG
TRACK_B_EXTERNAL,Chilli,cerocospora,nutritional deficiency,4,0.6499804183840752,0.8507816791534424,D:\CropDiseaseProject\results\model_robustness_audit\audit_images\track_b_external\chilli\cerocospora\ulfa_Spot_Leaf_-___1_.jpeg
TRACK_A_INTERNAL,Grape,Black Rot,Leaf Blight,4,0.5106237381696701,0.5544372797012329,D:\CropDiseaseProject\grape_2024\Black rot\black rot248.jpg
TRACK_D_CROSS_CROP,Sugarcane,Cross-Crop: Grape,Pokkah Boeng,4,0.6505608707666397,0.7749637961387634,D:\CropDiseaseProject\grape_2024\leaf blight\leaf blight021.jpg
TRACK_B_EXTERNAL,Sugarcane,Healthy Leaves,Brown Spot,3,0.6122941076755524,0.8120267391204834,D:\CropDiseaseProject\results\model_robustness_audit\audit_images\track_b_external\sugarcane\Healthy Leaves\sabid_S_H-77-_JPG.rf.80c0f4bb7feefa7f5cab7504872f9a37.jpg
TRACK_A_INTERNAL,Tomato,Tomato___Bacterial_spot,Tomato___Target_Spot,3,0.6534981727600098,0.7785966396331787,D:\CropDiseaseProject\tomato_plantvillage\Tomato___Bacterial_spot\ac017ad5-c1fa-4a46-8f13-2068d7188346___GCREC_Bact.Sp 6175.JPG
TRACK_B_EXTERNAL,Grape,Leaf Blight,Bacterial Leaf Spot,3,0.5759776731332144,0.9574388265609741,D:\CropDiseaseProject\results\model_robustness_audit\audit_images\track_b_external\grape\Leaf Blight\baliwaka_00000007.jpg
TRACK_B_EXTERNAL,Sugarcane,Healthy Leaves,Red Rot,3,0.5212420721848806,0.8624170422554016,D:\CropDiseaseProject\results\model_robustness_audit\audit_images\track_b_external\sugarcane\Healthy Leaves\sabid_S_H-57-_JPG.rf.69874c3c29a72f9ac7cd7bc105bc8841.jpg
TRACK_A_INTERNAL,Chilli,powdery mildew,healthy,3,0.6407208343346914,0.777297854423523,D:\CropDiseaseProject\chilli_cold\powdery mildew\IMG_5589.JPG
TRACK_A_INTERNAL,Chilli,nutritional deficiency,healthy,3,0.5728716651598612,0.6436830759048462,D:\CropDiseaseProject\chilli_cold\nutritional deficiency\IMG_4729.JPG
TRACK_A_INTERNAL,Chilli,cerocospora,murda complex,3,0.5119742353757223,0.6113508343696594,D:\CropDiseaseProject\chilli_cold\cerocospora\IMG_4574.JPG
TRACK_A_INTERNAL,Tomato,Tomato___Early_blight,Tomato___Late_blight,3,0.6494146287441254,0.8806261420249939,D:\CropDiseaseProject\tomato_plantvillage\Tomato___Early_blight\16ae1b64-2954-4135-bea5-d599ba56740c___RS_Erly.B 7649.JPG
TRACK_A_INTERNAL,Sugarcane,Rust (Brown Rust),Banded Chlorosis,3,0.5382246375083923,0.7485431432723999,D:\CropDiseaseProject\sugarcane_large\Diseases\BrownRust\image085.jpg
TRACK_A_INTERNAL,Sugarcane,Yellow Leaf Disease,Brown Spot,3,0.6491669416427612,0.8037927150726318,D:\CropDiseaseProject\sugarcane_maharashtra\Yellow\yellow (133).jpeg
TRACK_D_CROSS_CROP,Tomato,Cross-Crop: Grape,Tomato___Tomato_Yellow_Leaf_Curl_Virus,3,0.6829227209091187,0.7472795844078064,D:\CropDiseaseProject\grape_niphad\Downy Mildew\Downy Mildew_608.jpg
TRACK_D_CROSS_CROP,Chilli,Cross-Crop: Sugarcane,powdery mildew,3,0.6389434734980265,0.6910616159439087,D:\CropDiseaseProject\sugarcane_large\Diseases\Brown Spot\image904.jpg
TRACK_D_CROSS_CROP,Chilli,Cross-Crop: Tomato,murda complex,3,0.6633491019407908,0.7759551405906677,D:\CropDiseaseProject\tomato_plantvillage\Tomato___Bacterial_spot\2a43c0fa-a3dc-4f6d-a9e9-cb4274ae019f___GCREC_Bact.Sp 3621.JPG
TRACK_D_CROSS_CROP,Chilli,Cross-Crop: Grape,powdery mildew,3,0.6791610320409139,0.8540734052658081,D:\CropDiseaseProject\grape_niphad\Downy Mildew\Downy Mildew_821.jpg
TRACK_D_CROSS_CROP,Sugarcane,Cross-Crop: Grape,Mosaic / Viral Disease,3,0.6907123525937399,0.7283328771591187,D:\CropDiseaseProject\grape_niphad\Healthy Leaves\Healthy Leaves_608.jpg
TRACK_A_INTERNAL,Tomato,Tomato___Early_blight,Tomato___Target_Spot,3,0.757184644540151,0.9255314469337464,D:\CropDiseaseProject\tomato_plantvillage\Tomato___Early_blight\2bdca297-e0d1-41f0-b1dc-3801384faa1a___RS_Erly.B 7858.JPG
TRACK_D_CROSS_CROP,Chilli,Cross-Crop: Sugarcane,nutritional deficiency,3,0.6092273990313212,0.6784363985061646,D:\CropDiseaseProject\sugarcane_maharashtra\Rust\rust (453).jpeg
TRACK_B_EXTERNAL,Chilli,nutritional deficiency,cerocospora,3,0.6162379582722982,0.652229905128479,D:\CropDiseaseProject\results\model_robustness_audit\audit_images\track_b_external\chilli\nutritional deficiency\ulfa_Daun_kuning_-__1_.jpg
TRACK_D_UNRELATED,Sugarcane,Unrelated / Non-Leaf,Rust (Brown Rust),3,0.7027065952618917,0.9141177535057068,D:\CropDiseaseProject\results\model_robustness_audit\audit_images\track_d_unrelated\aloeL.jpg
TRACK_D_CROSS_CROP,Sugarcane,Cross-Crop: Grape,Rust (Brown Rust),3,0.6539124151070913,0.8225836753845215,D:\CropDiseaseProject\grape_2024\esca\esca871.jpg
TRACK_A_INTERNAL,Sugarcane,Rust (Brown Rust),Yellow Leaf Disease,3,0.5002075135707855,0.6839940547943115,D:\CropDiseaseProject\sugarcane_large\Diseases\BrownRust\image005.jpg
TRACK_D_UNRELATED,Grape,Unrelated / Non-Leaf,Bacterial Leaf Spot,3,0.993157148361206,0.9985111355781555,D:\CropDiseaseProject\results\model_robustness_audit\audit_images\track_d_unrelated\baboon.jpg
TRACK_D_UNRELATED,Chilli,Unrelated / Non-Leaf,nutritional deficiency,3,0.5036745766798655,0.6030542850494385,D:\CropDiseaseProject\results\model_robustness_audit\audit_images\track_d_unrelated\board.jpg
TRACK_C_REALWORLD,Chilli,nutritional deficiency,cerocospora,3,0.5017488499482473,0.6179509162902832,D:\CropDiseaseProject\results\model_robustness_audit\audit_images\track_c_realworld\chilli\nutritional deficiency\ulfa_field_Daun_kuning_-__133_.jpg
TRACK_D_UNRELATED,Sugarcane,Unrelated / Non-Leaf,Red Rot,3,0.681301494439443,0.9986592531204224,D:\CropDiseaseProject\results\model_robustness_audit\audit_images\track_d_unrelated\detect_blob.png
TRACK_D_UNRELATED,Grape,Unrelated / Non-Leaf,Esca (Black Measles),3,0.8894723852475485,0.9717013239860535,D:\CropDiseaseProject\results\model_robustness_audit\audit_images\track_d_unrelated\basketball1.png
TRACK_C_REALWORLD,Tomato,Tomato___Tomato_Yellow_Leaf_Curl_Virus,Tomato___Early_blight,3,0.7566413084665934,0.8506383895874023,D:\CropDiseaseProject\results\model_robustness_audit\audit_images\track_c_realworld\tomato\Tomato___Tomato_Yellow_Leaf_Curl_Virus\pd_real_fwa2013313115151.jpg
TRACK_A_INTERNAL,Sugarcane,Rust (Brown Rust),Red Rot,3,0.621582438548406,0.9654846787452698,D:\CropDiseaseProject\sugarcane_maharashtra\Rust\rust (94).jpeg
TRACK_A_INTERNAL,Sugarcane,Banded Chlorosis,Yellow Leaf Disease,3,0.5531284113725027,0.8667860627174377,D:\CropDiseaseProject\sugarcane_large\Diseases\Banded Chlorosis\image314.jpg
TRACK_A_INTERNAL,Sugarcane,Mosaic / Viral Disease,Brown Spot,3,0.5976241727670034,0.7852223515510559,D:\CropDiseaseProject\sugarcane_large\Diseases\Viral Disease\Viral Disease170.jpg
TRACK_C_REALWORLD,Chilli,healthy,nutritional deficiency,3,0.4945324460665385,0.6142907738685608,D:\CropDiseaseProject\results\model_robustness_audit\audit_images\track_c_realworld\chilli\healthy\pd_real_4825902504_5fa80b65b8_z.jpg
TRACK_B_EXTERNAL,Tomato,Tomato___Leaf_Mold,Tomato___Septoria_leaf_spot,3,0.7146863639354706,0.9249942302703857,D:\CropDiseaseProject\results\model_robustness_audit\audit_images\track_b_external\tomato\Tomato___Leaf_Mold\pak_IMG-20240724-WA0024.jpg
TRACK_B_EXTERNAL,Tomato,Tomato___Early_blight,Tomato___Septoria_leaf_spot,3,0.7424455086390177,0.8496281504631042,D:\CropDiseaseProject\results\model_robustness_audit\audit_images\track_b_external\tomato\Tomato___Early_blight\pak_1723454501459.jpg
TRACK_C_REALWORLD,Tomato,Tomato___Tomato_mosaic_virus,Tomato___Early_blight,3,0.9220717946688334,0.9998762607574463,D:\CropDiseaseProject\results\model_robustness_audit\audit_images\track_c_realworld\tomato\Tomato___Tomato_mosaic_virus\pd_real_9511.img.jpg
TRACK_C_REALWORLD,Tomato,Tomato___Bacterial_spot,Tomato___Late_blight,3,0.7963169813156128,0.9980644583702087,D:\CropDiseaseProject\results\model_robustness_audit\audit_images\track_c_realworld\tomato\Tomato___Bacterial_spot\pd_real_07.17.18-Common_Tomato_Diseases_Canker-258x300.jpg
TRACK_A_INTERNAL,Tomato,Tomato___Early_blight,Tomato___Spider_mites Two-spotted_spider_mite,2,0.5603198111057281,0.5620890259742737,D:\CropDiseaseProject\tomato_plantvillage\Tomato___Early_blight\2179421c-3ce3-4581-8b65-17da6fffd3db___RS_Erly.B 7730.JPG
TRACK_D_CROSS_CROP,Grape,Cross-Crop: Sugarcane,Esca (Black Measles),2,0.7647075355052948,0.893944501876831,D:\CropDiseaseProject\sugarcane_large\Healthy Leaves\image114.jpg
TRACK_A_INTERNAL,Grape,Powdery Mildew,Healthy Leaves,2,0.6059985160827637,0.6957339644432068,D:\CropDiseaseProject\grape_niphad\Powdery Mildew\Powdery Mildew_385.JPG
TRACK_A_INTERNAL,Chilli,nutritional deficiency,murda complex,2,0.7995196282863617,0.9216503500938416,D:\CropDiseaseProject\chilli_cold\nutritional deficiency\IMG_4444.JPG
TRACK_D_UNRELATED,Tomato,Unrelated / Non-Leaf,Tomato___Tomato_Yellow_Leaf_Curl_Virus,2,0.9576054811477661,0.9977259039878845,D:\CropDiseaseProject\results\model_robustness_audit\audit_images\track_d_unrelated\baboon.jpg
TRACK_D_UNRELATED,Tomato,Unrelated / Non-Leaf,Tomato___Septoria_leaf_spot,2,0.8633659482002258,0.9758913516998291,D:\CropDiseaseProject\results\model_robustness_audit\audit_images\track_d_unrelated\board.jpg
TRACK_A_INTERNAL,Chilli,cerocospora,healthy,2,0.45266951620578766,0.5662756562232971,D:\CropDiseaseProject\chilli_cold\cerocospora\IMG_3938.JPG
TRACK_A_INTERNAL,Chilli,nutritional deficiency,powdery mildew,2,0.6515260338783264,0.662740170955658,D:\CropDiseaseProject\chilli_cold\nutritional deficiency\IMG_4933.JPG
TRACK_A_INTERNAL,Tomato,Tomato___Leaf_Mold,Tomato___Early_blight,2,0.5046379119157791,0.5599876046180725,D:\CropDiseaseProject\tomato_plantvillage\Tomato___Leaf_Mold\df78e8cb-8fc5-4682-ab5c-f265b4e8d97e___Crnl_L.Mold 8619.JPG
TRACK_A_INTERNAL,Tomato,Tomato___Tomato_mosaic_virus,Tomato___Spider_mites Two-spotted_spider_mite,2,0.5763684809207916,0.5829909443855286,D:\CropDiseaseProject\tomato_plantvillage\Tomato___Tomato_mosaic_virus\9916341f-9dd9-498f-b553-476d9f2d722e___PSU_CG 2087.JPG
TRACK_A_INTERNAL,Tomato,Tomato___Target_Spot,Tomato___Spider_mites Two-spotted_spider_mite,2,0.9023928642272949,0.9479550719261168,D:\CropDiseaseProject\tomato_plantvillage\Tomato___Target_Spot\69d0f54b-059c-4a3a-97a9-43089e661cb0___Com.G_TgS_FL 9835.JPG
TRACK_B_EXTERNAL,Chilli,healthy,nutritional deficiency,2,0.5072904974222183,0.5838266611099243,D:\CropDiseaseProject\results\model_robustness_audit\audit_images\track_b_external\chilli\healthy\ulfa_07.jpg
TRACK_B_EXTERNAL,Chilli,nutritional deficiency,healthy,2,0.3742847442626953,0.375944048166275,D:\CropDiseaseProject\results\model_robustness_audit\audit_images\track_b_external\chilli\nutritional deficiency\ulfa_Daun_kuning_-__10_.png
TRACK_B_EXTERNAL,Chilli,healthy,cerocospora,2,0.48178309202194214,0.5095818638801575,D:\CropDiseaseProject\results\model_robustness_audit\audit_images\track_b_external\chilli\healthy\ulfa_06.jpg
TRACK_D_CROSS_CROP,Sugarcane,Cross-Crop: Chilli,Red Rot,2,0.6306021958589554,0.8069754242897034,D:\CropDiseaseProject\chilli_cold\cerocospora\IMG_4669.JPG
TRACK_D_CROSS_CROP,Grape,Cross-Crop: Sugarcane,Black Rot,2,0.5870046615600586,0.6075391173362732,D:\CropDiseaseProject\sugarcane_maharashtra\Rust\rust (453).jpeg
TRACK_D_CROSS_CROP,Chilli,Cross-Crop: Grape,nutritional deficiency,2,0.5443730652332306,0.616850733757019,D:\CropDiseaseProject\grape_2024\Black rot\black rot477.jpg
TRACK_B_EXTERNAL,Sugarcane,Healthy Leaves,Pokkah Boeng,2,0.90217125415802,0.9661197066307068,D:\CropDiseaseProject\results\model_robustness_audit\audit_images\track_b_external\sugarcane\Healthy Leaves\sabid_S_H-15-_jpg.rf.9fb3c8e45de5f6afc1831c9db567e3c8.jpg
TRACK_B_EXTERNAL,Sugarcane,Healthy Leaves,Banded Chlorosis,2,0.45748475193977356,0.6312800645828247,D:\CropDiseaseProject\results\model_robustness_audit\audit_images\track_b_external\sugarcane\Healthy Leaves\sabid_S_H-82-_JPG.rf.4f4dcda30c1a05ef21c54c1da15004a4.jpg
TRACK_A_INTERNAL,Tomato,Tomato___Leaf_Mold,Tomato___Target_Spot,2,0.3074648529291153,0.3574177026748657,D:\CropDiseaseProject\tomato_plantvillage\Tomato___Leaf_Mold\1b35b99c-c7c0-4f2c-975e-148e4b6e18b3___Crnl_L.Mold 8820.JPG
TRACK_A_INTERNAL,Tomato,Tomato___Leaf_Mold,Tomato___Spider_mites Two-spotted_spider_mite,2,0.7055465877056122,0.9201911687850952,D:\CropDiseaseProject\tomato_plantvillage\Tomato___Leaf_Mold\4fbc277e-5998-48c1-922d-c3f2e070f9d6___Crnl_L.Mold 6593.JPG
TRACK_A_INTERNAL,Tomato,Tomato___Target_Spot,Tomato___Septoria_leaf_spot,2,0.7019867599010468,0.8824067115783691,D:\CropDiseaseProject\tomato_plantvillage\Tomato___Target_Spot\ed60a782-22dd-4aa6-b16e-494b75fd3174___Com.G_TgS_FL 9896.JPG
TRACK_A_INTERNAL,Tomato,Tomato___Spider_mites Two-spotted_spider_mite,Tomato___Target_Spot,2,0.719628095626831,0.7974274158477783,D:\CropDiseaseProject\tomato_plantvillage\Tomato___Spider_mites Two-spotted_spider_mite\d8897927-b800-4192-9669-be4b05195993___Com.G_SpM_FL 1464.JPG
TRACK_C_REALWORLD,Tomato,Tomato___healthy,Tomato___Tomato_Yellow_Leaf_Curl_Virus,2,0.6778622418642044,0.8734119534492493,D:\CropDiseaseProject\results\model_robustness_audit\audit_images\track_c_realworld\tomato\Tomato___healthy\pd_real_Tomato59.JPG.jpg
TRACK_C_REALWORLD,Sugarcane,Healthy Leaves,Pokkah Boeng,2,0.6367756873369217,0.8829976916313171,D:\CropDiseaseProject\results\model_robustness_audit\audit_images\track_c_realworld\sugarcane\Healthy Leaves\sc_field_S_H-27-_jpg.rf.b835a785a4ee336b79e8b7ae9a27445f.jpg
TRACK_B_EXTERNAL,Tomato,Tomato___Septoria_leaf_spot,Tomato___Bacterial_spot,2,0.7968234419822693,0.9789409637451172,D:\CropDiseaseProject\results\model_robustness_audit\audit_images\track_b_external\tomato\Tomato___Septoria_leaf_spot\pak_128110613-56a6d3633df78cf7729070ad.jpg
TRACK_B_EXTERNAL,Grape,Healthy Leaves,Esca (Black Measles),2,0.6375740468502045,0.8714252710342407,D:\CropDiseaseProject\results\model_robustness_audit\audit_images\track_b_external\grape\Healthy Leaves\plantdoc_IMG_20150511_095517.jpg
TRACK_B_EXTERNAL,Grape,Downy Mildew,Leaf Blight,2,0.6350452601909637,0.7167336344718933,D:\CropDiseaseProject\results\model_robustness_audit\audit_images\track_b_external\grape\Downy Mildew\gldd_55830b60a7cf2-image_jpg.rf.5bcb11a6e0d83c1872e0f78c89647ae6.jpg
TRACK_C_REALWORLD,Tomato,Tomato___Septoria_leaf_spot,Tomato___Bacterial_spot,2,0.7315858900547028,0.9853345155715942,D:\CropDiseaseProject\results\model_robustness_audit\audit_images\track_c_realworld\tomato\Tomato___Septoria_leaf_spot\pd_real_6447731_orig.jpg
TRACK_B_EXTERNAL,Sugarcane,Red Rot,Rust (Brown Rust),2,0.7363121807575226,0.9607591032981873,D:\CropDiseaseProject\results\model_robustness_audit\audit_images\track_b_external\sugarcane\Red Rot\sabid_S_RR-8-_JPG.rf.5af31a717f071df790317588fd071e24.jpg
TRACK_B_EXTERNAL,Tomato,Tomato___Leaf_Mold,Tomato___Tomato_Yellow_Leaf_Curl_Virus,2,0.9523643553256989,0.9681888818740845,D:\CropDiseaseProject\results\model_robustness_audit\audit_images\track_b_external\tomato\Tomato___Leaf_Mold\pak_607-155-0.jpg
TRACK_B_EXTERNAL,Tomato,Tomato___Tomato_Yellow_Leaf_Curl_Virus,Tomato___Septoria_leaf_spot,2,0.7904212772846222,0.8937087059020996,D:\CropDiseaseProject\results\model_robustness_audit\audit_images\track_b_external\tomato\Tomato___Tomato_Yellow_Leaf_Curl_Virus\pak_36ca1410e232eec4a8003fe411246820.jpg
TRACK_B_EXTERNAL,Tomato,Tomato___Leaf_Mold,Tomato___Bacterial_spot,2,0.528826430439949,0.5722147226333618,D:\CropDiseaseProject\results\model_robustness_audit\audit_images\track_b_external\tomato\Tomato___Leaf_Mold\pak_IMG-20240724-WA0020.jpg
TRACK_C_REALWORLD,Grape,Healthy Leaves,Black Rot,2,0.6368876844644547,0.928119421005249,D:\CropDiseaseProject\results\model_robustness_audit\audit_images\track_c_realworld\grape\Healthy Leaves\pd_real_DSCN7317.JPG.jpg
TRACK_D_UNRELATED,Chilli,Unrelated / Non-Leaf,powdery mildew,2,0.7302318513393402,0.8755195736885071,D:\CropDiseaseProject\results\model_robustness_audit\audit_images\track_d_unrelated\aloeL.jpg
TRACK_D_UNRELATED,Grape,Unrelated / Non-Leaf,Black Rot,2,0.6274500042200089,0.7644587755203247,D:\CropDiseaseProject\results\model_robustness_audit\audit_images\track_d_unrelated\butterfly.jpg
TRACK_D_UNRELATED,Sugarcane,Unrelated / Non-Leaf,Brown Spot,2,0.795421838760376,0.9259529709815979,D:\CropDiseaseProject\results\model_robustness_audit\audit_images\track_d_unrelated\cards.png
TRACK_C_REALWORLD,Chilli,cerocospora,murda complex,2,0.5451371222734451,0.6898002028465271,D:\CropDiseaseProject\results\model_robustness_audit\audit_images\track_c_realworld\chilli\cerocospora\pd_real_01.jpg
TRACK_C_REALWORLD,Grape,Downy Mildew,Bacterial Leaf Spot,2,0.9078561663627625,0.9419211149215698,D:\CropDiseaseProject\results\model_robustness_audit\audit_images\track_c_realworld\grape\Downy Mildew\gldd_field_maxresdefault2_jpg.rf.b2f061044a211410e38bcb55efb0f639.jpg
TRACK_C_REALWORLD,Chilli,murda complex,nutritional deficiency,2,0.37915048003196716,0.4193592667579651,D:\CropDiseaseProject\results\model_robustness_audit\audit_images\track_c_realworld\chilli\murda complex\ulfa_field_Leaf_Curl__1055_.jpg
TRACK_C_REALWORLD,Grape,Black Rot,Esca (Black Measles),2,0.5031119138002396,0.6291110515594482,D:\CropDiseaseProject\results\model_robustness_audit\audit_images\track_c_realworld\grape\Black Rot\pd_real_03gb.jpg
TRACK_C_REALWORLD,Grape,Downy Mildew,Powdery Mildew,2,0.9486854076385498,0.9602044224739075,D:\CropDiseaseProject\results\model_robustness_audit\audit_images\track_c_realworld\grape\Downy Mildew\gldd_field_stock-photo-alternaria-leaf-spot-alternaria-cucumerina-on-bitter-melon-momordica-charantia-1679534692_jpg.rf.6713530d0a4407256c2fce3f34128759.jpg
TRACK_C_REALWORLD,Grape,Leaf Blight,Esca (Black Measles),2,0.354332759976387,0.4202287793159485,D:\CropDiseaseProject\results\model_robustness_audit\audit_images\track_c_realworld\grape\Leaf Blight\vineyard_00000042.jpg
TRACK_D_UNRELATED,Chilli,Unrelated / Non-Leaf,healthy,2,0.580181896686554,0.592880129814148,D:\CropDiseaseProject\results\model_robustness_audit\audit_images\track_d_unrelated\building.jpg
TRACK_D_CROSS_CROP,Sugarcane,Cross-Crop: Tomato,Pokkah Boeng,2,0.7287974059581757,0.9543125629425049,D:\CropDiseaseProject\tomato_plantvillage\Tomato___Early_blight\6ccc0cdb-d420-4bc6-9a1a-d195a0521c19___RS_Erly.B 9437.JPG
TRACK_A_INTERNAL,Sugarcane,Rust (Brown Rust),Mosaic / Viral Disease,2,0.44268961250782013,0.4766910672187805,D:\CropDiseaseProject\sugarcane_maharashtra\Rust\rust (132).jpeg
TRACK_A_INTERNAL,Sugarcane,Yellow Leaf Disease,Rust (Brown Rust),2,0.6983613222837448,0.9423226714134216,D:\CropDiseaseProject\sugarcane_maharashtra\Yellow\yellow (55).jpeg
TRACK_A_INTERNAL,Sugarcane,Yellow Leaf Disease,Healthy Leaves,2,0.8058387339115143,0.9121214747428894,D:\CropDiseaseProject\sugarcane_maharashtra\Yellow\yellow (370).jpeg
TRACK_A_INTERNAL,Sugarcane,Banded Chlorosis,Rust (Brown Rust),2,0.5303343236446381,0.5483813881874084,D:\CropDiseaseProject\sugarcane_large\Diseases\Banded Chlorosis\image242.jpg
TRACK_A_INTERNAL,Sugarcane,Banded Chlorosis,Mosaic / Viral Disease,1,0.8682026863098145,0.8682026863098145,D:\CropDiseaseProject\sugarcane_large\Diseases\Banded Chlorosis\image157.jpg
TRACK_A_INTERNAL,Sugarcane,Brown Spot,Mosaic / Viral Disease,1,0.7350659370422363,0.7350659370422363,D:\CropDiseaseProject\sugarcane_large\Diseases\Brown Spot\image878.jpg
TRACK_A_INTERNAL,Sugarcane,Grassy Shoot,Sett Rot,1,0.6038275957107544,0.6038275957107544,D:\CropDiseaseProject\sugarcane_large\Diseases\Grassy shoot\image232.jpg
TRACK_A_INTERNAL,Sugarcane,Healthy Leaves,Brown Spot,1,0.5129775404930115,0.5129775404930115,D:\CropDiseaseProject\sugarcane_large\Healthy Leaves\image086.jpg
TRACK_A_INTERNAL,Sugarcane,Healthy Leaves,Mosaic / Viral Disease,1,0.8025658130645752,0.8025658130645752,D:\CropDiseaseProject\sugarcane_maharashtra\Healthy\healthy (270).jpeg
TRACK_A_INTERNAL,Sugarcane,Healthy Leaves,Red Rot,1,0.8101068735122681,0.8101068735122681,D:\CropDiseaseProject\sugarcane_maharashtra\Healthy\healthy (500).jpeg
TRACK_A_INTERNAL,Sugarcane,Healthy Leaves,Yellow Leaf Disease,1,0.8501775860786438,0.8501775860786438,D:\CropDiseaseProject\sugarcane_maharashtra\Healthy\healthy (223).jpeg
TRACK_A_INTERNAL,Sugarcane,Red Rot,Brown Spot,1,0.958939492702484,0.958939492702484,D:\CropDiseaseProject\sugarcane_maharashtra\RedRot\redrot (490).jpeg
TRACK_A_INTERNAL,Sugarcane,Red Rot,Healthy Leaves,1,0.965873122215271,0.965873122215271,D:\CropDiseaseProject\sugarcane_maharashtra\RedRot\redrot (169).jpeg
TRACK_A_INTERNAL,Sugarcane,Red Rot,Rust (Brown Rust),1,0.8207195401191711,0.8207195401191711,D:\CropDiseaseProject\sugarcane_maharashtra\RedRot\redrot (394).jpeg
TRACK_A_INTERNAL,Sugarcane,Rust (Brown Rust),Grassy Shoot,1,0.6986761093139648,0.6986761093139648,D:\CropDiseaseProject\sugarcane_maharashtra\Rust\rust (195).jpeg
TRACK_A_INTERNAL,Sugarcane,Smut,Mosaic / Viral Disease,1,0.7927435040473938,0.7927435040473938,D:\CropDiseaseProject\sugarcane_large\Diseases\smut\Smut146.jpg
TRACK_A_INTERNAL,Sugarcane,Yellow Leaf Disease,Red Rot,1,0.3628876209259033,0.3628876209259033,D:\CropDiseaseProject\sugarcane_maharashtra\Yellow\yellow (102).jpeg
TRACK_A_INTERNAL,Tomato,Tomato___Bacterial_spot,Tomato___Late_blight,1,0.8696846961975098,0.8696846961975098,D:\CropDiseaseProject\tomato_plantvillage\Tomato___Bacterial_spot\ac099bdd-1fb0-4f9c-bb62-be3994736868___UF.GRC_BS_Lab Leaf 0419.JPG
TRACK_D_CROSS_CROP,Tomato,Cross-Crop: Sugarcane,Tomato___Leaf_Mold,1,0.7166358828544617,0.7166358828544617,D:\CropDiseaseProject\sugarcane_maharashtra\Rust\rust (151).jpeg
TRACK_D_UNRELATED,Chilli,Unrelated / Non-Leaf,murda complex,1,0.4327509105205536,0.4327509105205536,D:\CropDiseaseProject\results\model_robustness_audit\audit_images\track_d_unrelated\basketball1.png
TRACK_D_UNRELATED,Grape,Unrelated / Non-Leaf,Powdery Mildew,1,0.4667128026485443,0.4667128026485443,D:\CropDiseaseProject\results\model_robustness_audit\audit_images\track_d_unrelated\aloeL.jpg
TRACK_D_UNRELATED,Sugarcane,Unrelated / Non-Leaf,Grassy Shoot,1,0.9258106350898743,0.9258106350898743,D:\CropDiseaseProject\results\model_robustness_audit\audit_images\track_d_unrelated\board.jpg
TRACK_D_UNRELATED,Sugarcane,Unrelated / Non-Leaf,Healthy Leaves,1,0.6792113184928894,0.6792113184928894,D:\CropDiseaseProject\results\model_robustness_audit\audit_images\track_d_unrelated\basketball1.png
TRACK_B_EXTERNAL,Tomato,Tomato___Tomato_mosaic_virus,Tomato___Tomato_Yellow_Leaf_Curl_Virus,1,0.6441422700881958,0.6441422700881958,D:\CropDiseaseProject\results\model_robustness_audit\audit_images\track_b_external\tomato\Tomato___Tomato_mosaic_virus\plantdoc_stock-photo-tomato-mosaic-virus-disease-on-tomato-559799668.jpg
TRACK_B_EXTERNAL,Tomato,Tomato___healthy,Tomato___Tomato_Yellow_Leaf_Curl_Virus,1,0.9772475361824036,0.9772475361824036,D:\CropDiseaseProject\results\model_robustness_audit\audit_images\track_b_external\tomato\Tomato___healthy\pak_009-e1373768789869.jpg
TRACK_C_REALWORLD,Chilli,healthy,murda complex,1,0.41201674938201904,0.41201674938201904,D:\CropDiseaseProject\results\model_robustness_audit\audit_images\track_c_realworld\chilli\healthy\pd_real_10148582-green-leaf-of-pepper.jpg
TRACK_C_REALWORLD,Chilli,murda complex,powdery mildew,1,0.6145049333572388,0.6145049333572388,D:\CropDiseaseProject\results\model_robustness_audit\audit_images\track_c_realworld\chilli\murda complex\ulfa_field_Leaf_Curl__1049_.jpg
TRACK_C_REALWORLD,Grape,Black Rot,Leaf Blight,1,0.5584136843681335,0.5584136843681335,D:\CropDiseaseProject\results\model_robustness_audit\audit_images\track_c_realworld\grape\Black Rot\pd_real_brleaf2_zoom.jpg
TRACK_C_REALWORLD,Grape,Downy Mildew,Leaf Blight,1,0.693501889705658,0.693501889705658,D:\CropDiseaseProject\results\model_robustness_audit\audit_images\track_c_realworld\grape\Downy Mildew\gldd_field_6078710516023296-jpeg_jpg.rf.38f8934e55b86085c718d986a2a13305.jpg
TRACK_C_REALWORLD,Grape,Esca (Black Measles),Bacterial Leaf Spot,1,0.23472240567207336,0.23472240567207336,D:\CropDiseaseProject\results\model_robustness_audit\audit_images\track_c_realworld\grape\Esca (Black Measles)\vineyard_00000048.jpg
TRACK_C_REALWORLD,Grape,Esca (Black Measles),Downy Mildew,1,0.6467050909996033,0.6467050909996033,D:\CropDiseaseProject\results\model_robustness_audit\audit_images\track_c_realworld\grape\Esca (Black Measles)\vineyard_00000054.jpg
TRACK_C_REALWORLD,Grape,Healthy Leaves,Bacterial Leaf Spot,1,0.6032741069793701,0.6032741069793701,D:\CropDiseaseProject\results\model_robustness_audit\audit_images\track_c_realworld\grape\Healthy Leaves\pd_real_latest_cb_20100621160325.jpg
TRACK_C_REALWORLD,Grape,Leaf Blight,Downy Mildew,1,0.5180280804634094,0.5180280804634094,D:\CropDiseaseProject\results\model_robustness_audit\audit_images\track_c_realworld\grape\Leaf Blight\vineyard_00000054.jpg
TRACK_C_REALWORLD,Grape,Leaf Blight,Healthy Leaves,1,0.5893933773040771,0.5893933773040771,D:\CropDiseaseProject\results\model_robustness_audit\audit_images\track_c_realworld\grape\Leaf Blight\vineyard_00000057.jpg
TRACK_C_REALWORLD,Sugarcane,Healthy Leaves,Red Rot,1,0.41858887672424316,0.41858887672424316,D:\CropDiseaseProject\results\model_robustness_audit\audit_images\track_c_realworld\sugarcane\Healthy Leaves\sc_field_S_H-49-_jpg.rf.02325bc23aff4c35ae1d3860b2807a7b.jpg
TRACK_C_REALWORLD,Sugarcane,Healthy Leaves,Rust (Brown Rust),1,0.5616368055343628,0.5616368055343628,D:\CropDiseaseProject\results\model_robustness_audit\audit_images\track_c_realworld\sugarcane\Healthy Leaves\sc_field_S_H-28-_jpg.rf.c75a09eb8309e56f29fbcd72de21b3a4.jpg
TRACK_C_REALWORLD,Tomato,Tomato___Bacterial_spot,Tomato___Tomato_Yellow_Leaf_Curl_Virus,1,0.9318059086799622,0.9318059086799622,D:\CropDiseaseProject\results\model_robustness_audit\audit_images\track_c_realworld\tomato\Tomato___Bacterial_spot\pd_real_bact-spot-fig-1.jpg
TRACK_C_REALWORLD,Tomato,Tomato___Leaf_Mold,Tomato___Bacterial_spot,1,0.5354276895523071,0.5354276895523071,D:\CropDiseaseProject\results\model_robustness_audit\audit_images\track_c_realworld\tomato\Tomato___Leaf_Mold\pak_field_IMG-20240724-WA0099.jpg
TRACK_C_REALWORLD,Tomato,Tomato___Leaf_Mold,Tomato___Tomato_Yellow_Leaf_Curl_Virus,1,0.7907702922821045,0.7907702922821045,D:\CropDiseaseProject\results\model_robustness_audit\audit_images\track_c_realworld\tomato\Tomato___Leaf_Mold\pak_field_IMG-20240724-WA0106.jpg
TRACK_C_REALWORLD,Tomato,Tomato___Septoria_leaf_spot,Tomato___Tomato_Yellow_Leaf_Curl_Virus,1,0.6912420988082886,0.6912420988082886,D:\CropDiseaseProject\results\model_robustness_audit\audit_images\track_c_realworld\tomato\Tomato___Septoria_leaf_spot\pak_field_EB__988_.jpg
TRACK_C_REALWORLD,Tomato,Tomato___Tomato_mosaic_virus,Tomato___Tomato_Yellow_Leaf_Curl_Virus,1,0.804654598236084,0.804654598236084,D:\CropDiseaseProject\results\model_robustness_audit\audit_images\track_c_realworld\tomato\Tomato___Tomato_mosaic_virus\pd_real_Tomato-Mosaic-1wdr2jx-300x225.jpg
TRACK_B_EXTERNAL,Sugarcane,Red Rot,Mosaic / Viral Disease,1,0.7543438076972961,0.7543438076972961,D:\CropDiseaseProject\results\model_robustness_audit\audit_images\track_b_external\sugarcane\Red Rot\sabid_S_RR-1-_jpg.rf.ac62c73e2ec23006ba09a1b6c72722e1.jpg
TRACK_B_EXTERNAL,Tomato,Tomato___Bacterial_spot,Tomato___Tomato_Yellow_Leaf_Curl_Virus,1,0.8497089743614197,0.8497089743614197,D:\CropDiseaseProject\results\model_robustness_audit\audit_images\track_b_external\tomato\Tomato___Bacterial_spot\plantdoc_Bacterial-spot-on-tomato-leaves.jpg
TRACK_B_EXTERNAL,Tomato,Tomato___Early_blight,Tomato___Bacterial_spot,1,0.5082706212997437,0.5082706212997437,D:\CropDiseaseProject\results\model_robustness_audit\audit_images\track_b_external\tomato\Tomato___Early_blight\pak_1723454507847.jpg
TRACK_B_EXTERNAL,Tomato,Tomato___Early_blight,Tomato___Tomato_Yellow_Leaf_Curl_Virus,1,0.4703986644744873,0.4703986644744873,D:\CropDiseaseProject\results\model_robustness_audit\audit_images\track_b_external\tomato\Tomato___Early_blight\pak_1723454503528.jpg
TRACK_B_EXTERNAL,Tomato,Tomato___Septoria_leaf_spot,Tomato___Tomato_Yellow_Leaf_Curl_Virus,1,0.7659525275230408,0.7659525275230408,D:\CropDiseaseProject\results\model_robustness_audit\audit_images\track_b_external\tomato\Tomato___Septoria_leaf_spot\pak_6242739939180544.jpeg.jpg
TRACK_B_EXTERNAL,Tomato,Tomato___Spider_mites Two-spotted_spider_mite,Tomato___Early_blight,1,0.8343207836151123,0.8343207836151123,D:\CropDiseaseProject\results\model_robustness_audit\audit_images\track_b_external\tomato\Tomato___Spider_mites Two-spotted_spider_mite\plantdoc_SpotSpeckBlightMite-1l4v879.jpg
TRACK_B_EXTERNAL,Tomato,Tomato___Spider_mites Two-spotted_spider_mite,Tomato___Late_blight,1,0.5013648271560669,0.5013648271560669,D:\CropDiseaseProject\results\model_robustness_audit\audit_images\track_b_external\tomato\Tomato___Spider_mites Two-spotted_spider_mite\plantdoc_comparing-diseases-4-canker-tomato-1y51ejs.jpg
TRACK_B_EXTERNAL,Tomato,Tomato___Tomato_Yellow_Leaf_Curl_Virus,Tomato___Bacterial_spot,1,0.4968135952949524,0.4968135952949524,D:\CropDiseaseProject\results\model_robustness_audit\audit_images\track_b_external\tomato\Tomato___Tomato_Yellow_Leaf_Curl_Virus\pak_8227475116_0d40e8f21c_b.jpg
TRACK_B_EXTERNAL,Grape,Black Rot,Esca (Black Measles),1,0.4917116165161133,0.4917116165161133,D:\CropDiseaseProject\results\model_robustness_audit\audit_images\track_b_external\grape\Black Rot\baliwaka_00000028.jpg
TRACK_B_EXTERNAL,Grape,Downy Mildew,Esca (Black Measles),1,0.7767651677131653,0.7767651677131653,D:\CropDiseaseProject\results\model_robustness_audit\audit_images\track_b_external\grape\Downy Mildew\gldd_5602468-PPT_jpg.rf.057422736816b9060236a70fee85b872.jpg
TRACK_B_EXTERNAL,Grape,Esca (Black Measles),Black Rot,1,0.3382400870323181,0.3382400870323181,D:\CropDiseaseProject\results\model_robustness_audit\audit_images\track_b_external\grape\Esca (Black Measles)\baliwaka_00000003.jpg
TRACK_B_EXTERNAL,Grape,Healthy Leaves,Bacterial Leaf Spot,1,0.39332863688468933,0.39332863688468933,D:\CropDiseaseProject\results\model_robustness_audit\audit_images\track_b_external\grape\Healthy Leaves\plantdoc_IMG_20150511_111942.jpg
TRACK_B_EXTERNAL,Grape,Healthy Leaves,Leaf Blight,1,0.5243414044380188,0.5243414044380188,D:\CropDiseaseProject\results\model_robustness_audit\audit_images\track_b_external\grape\Healthy Leaves\plantdoc_P1130239.jpg
TRACK_B_EXTERNAL,Grape,Healthy Leaves,Powdery Mildew,1,0.9556708335876465,0.9556708335876465,D:\CropDiseaseProject\results\model_robustness_audit\audit_images\track_b_external\grape\Healthy Leaves\plantdoc_grape-leaf-detail-1457175.jpg
TRACK_B_EXTERNAL,Grape,Leaf Blight,Black Rot,1,0.24667112529277802,0.24667112529277802,D:\CropDiseaseProject\results\model_robustness_audit\audit_images\track_b_external\grape\Leaf Blight\baliwaka_00000015.jpg
TRACK_B_EXTERNAL,Grape,Leaf Blight,Downy Mildew,1,0.42399680614471436,0.42399680614471436,D:\CropDiseaseProject\results\model_robustness_audit\audit_images\track_b_external\grape\Leaf Blight\baliwaka_00000008.jpg
TRACK_B_EXTERNAL,Grape,Leaf Blight,Esca (Black Measles),1,0.7583728432655334,0.7583728432655334,D:\CropDiseaseProject\results\model_robustness_audit\audit_images\track_b_external\grape\Leaf Blight\baliwaka_00000003.jpg
TRACK_B_EXTERNAL,Sugarcane,Healthy Leaves,Smut,1,0.8113881945610046,0.8113881945610046,D:\CropDiseaseProject\results\model_robustness_audit\audit_images\track_b_external\sugarcane\Healthy Leaves\sabid_S_H-73-_JPG.rf.690cfb2d0dd7256687c68ec3c3d0448c.jpg
TRACK_B_EXTERNAL,Sugarcane,Healthy Leaves,Yellow Leaf Disease,1,0.4781720042228699,0.4781720042228699,D:\CropDiseaseProject\results\model_robustness_audit\audit_images\track_b_external\sugarcane\Healthy Leaves\sabid_S_H-13-_jpg.rf.38f7407b5fa8e40cb42f5722d3117bfb.jpg
TRACK_A_INTERNAL,Tomato,Tomato___Early_blight,Tomato___Bacterial_spot,1,0.5440278649330139,0.5440278649330139,D:\CropDiseaseProject\tomato_plantvillage\Tomato___Early_blight\2ffcdf9e-9cf5-492e-80f8-6f80cd0be7cb___RS_Erly.B 7421.JPG
TRACK_A_INTERNAL,Tomato,Tomato___Early_blight,Tomato___Septoria_leaf_spot,1,0.7096807360649109,0.7096807360649109,D:\CropDiseaseProject\tomato_plantvillage\Tomato___Early_blight\13e96f82-68c6-4331-9b05-92a6767a400b___RS_Erly.B 9502.JPG
TRACK_A_INTERNAL,Tomato,Tomato___Early_blight,Tomato___Tomato_Yellow_Leaf_Curl_Virus,1,0.297167032957077,0.297167032957077,D:\CropDiseaseProject\tomato_plantvillage\Tomato___Early_blight\73bbd57a-8733-4b2a-a38d-f304ea890c62___RS_Erly.B 9548.JPG
TRACK_A_INTERNAL,Tomato,Tomato___Late_blight,Tomato___Early_blight,1,0.6078525185585022,0.6078525185585022,D:\CropDiseaseProject\tomato_plantvillage\Tomato___Late_blight\4c42cb8f-e57f-48a5-bff2-8a8629d7505b___RS_Late.B 6869.JPG
TRACK_A_INTERNAL,Tomato,Tomato___Late_blight,Tomato___Leaf_Mold,1,0.4438726007938385,0.4438726007938385,D:\CropDiseaseProject\tomato_plantvillage\Tomato___Late_blight\26fa9fb7-10fa-496c-9433-e4053ff456da___RS_Late.B 4867.JPG
TRACK_A_INTERNAL,Tomato,Tomato___Septoria_leaf_spot,Tomato___Spider_mites Two-spotted_spider_mite,1,0.5912092924118042,0.5912092924118042,D:\CropDiseaseProject\tomato_plantvillage\Tomato___Septoria_leaf_spot\aed8e4ba-1ea2-4258-86d1-621bb13dd029___JR_Sept.L.S 2456.JPG
TRACK_A_INTERNAL,Tomato,Tomato___Target_Spot,Tomato___Leaf_Mold,1,0.9770386815071106,0.9770386815071106,D:\CropDiseaseProject\tomato_plantvillage\Tomato___Target_Spot\2d842c15-c1cd-4f2b-9e12-27855abb9758___Com.G_TgS_FL 0812.JPG
TRACK_A_INTERNAL,Tomato,Tomato___Target_Spot,Tomato___healthy,1,0.9760366082191468,0.9760366082191468,D:\CropDiseaseProject\tomato_plantvillage\Tomato___Target_Spot\7b43a21e-a0cf-49f4-b92c-9b9fd8a3e1c3___Com.G_TgS_FL 7893.JPG
TRACK_A_INTERNAL,Tomato,Tomato___Tomato_Yellow_Leaf_Curl_Virus,Tomato___Bacterial_spot,1,0.609790563583374,0.609790563583374,D:\CropDiseaseProject\tomato_plantvillage\Tomato___Tomato_Yellow_Leaf_Curl_Virus\51d5bb0f-8603-4e31-8cfa-20f8c5cf0b45___UF.GRC_YLCV_Lab 08457.JPG
TRACK_A_INTERNAL,Tomato,Tomato___Tomato_Yellow_Leaf_Curl_Virus,Tomato___Spider_mites Two-spotted_spider_mite,1,0.7210575938224792,0.7210575938224792,D:\CropDiseaseProject\tomato_plantvillage\Tomato___Tomato_Yellow_Leaf_Curl_Virus\788c99c6-1982-437f-98e2-737a5c954768___YLCV_GCREC 5486.JPG
TRACK_B_EXTERNAL,Chilli,nutritional deficiency,murda complex,1,0.4673064649105072,0.4673064649105072,D:\CropDiseaseProject\results\model_robustness_audit\audit_images\track_b_external\chilli\nutritional deficiency\ulfa_Daun_kuning_-__1_.png
TRACK_B_EXTERNAL,Chilli,nutritional deficiency,powdery mildew,1,0.8100114464759827,0.8100114464759827,D:\CropDiseaseProject\results\model_robustness_audit\audit_images\track_b_external\chilli\nutritional deficiency\ulfa_Daun_kuning_-__10_.jpg
TRACK_D_CROSS_CROP,Grape,Cross-Crop: Sugarcane,Healthy Leaves,1,0.4176490306854248,0.4176490306854248,D:\CropDiseaseProject\sugarcane_maharashtra\Healthy\healthy (359).jpeg
TRACK_D_CROSS_CROP,Sugarcane,Cross-Crop: Chilli,Grassy Shoot,1,0.558682382106781,0.558682382106781,D:\CropDiseaseProject\chilli_cold\healthy\IMG_3572.JPG
TRACK_D_CROSS_CROP,Sugarcane,Cross-Crop: Chilli,Rust (Brown Rust),1,0.3942578136920929,0.3942578136920929,D:\CropDiseaseProject\chilli_cold\nutritional deficiency\IMG_4872.JPG
TRACK_D_CROSS_CROP,Sugarcane,Cross-Crop: Grape,Healthy Leaves,1,0.946208655834198,0.946208655834198,D:\CropDiseaseProject\grape_2024\healthy\healthy533.jpg
TRACK_A_INTERNAL,Sugarcane,Banded Chlorosis,Brown Spot,1,0.4640079140663147,0.4640079140663147,D:\CropDiseaseProject\sugarcane_large\Diseases\Banded Chlorosis\image192.jpg
TRACK_A_INTERNAL,Grape,Powdery Mildew,Esca (Black Measles),1,0.7326404452323914,0.7326404452323914,D:\CropDiseaseProject\grape_niphad\Powdery Mildew\Powdery Mildew_8.png
TRACK_A_INTERNAL,Grape,Powdery Mildew,Downy Mildew,1,0.4612973928451538,0.4612973928451538,D:\CropDiseaseProject\grape_niphad\Powdery Mildew\Powdery Mildew_339.jpg
TRACK_A_INTERNAL,Grape,Bacterial Leaf Spot,Healthy Leaves,1,0.5910947918891907,0.5910947918891907,D:\CropDiseaseProject\grape_niphad\Bacterial Leaf Spot\Bacterial Leaf Spot_83.jpg
TRACK_A_INTERNAL,Grape,Bacterial Leaf Spot,Downy Mildew,1,0.9683127999305724,0.9683127999305724,D:\CropDiseaseProject\grape_niphad\Bacterial Leaf Spot\Bacterial Leaf Spot_85.png
TRACK_D_UNRELATED,Tomato,Unrelated / Non-Leaf,Tomato___Target_Spot,1,0.8830881714820862,0.8830881714820862,D:\CropDiseaseProject\results\model_robustness_audit\audit_images\track_d_unrelated\basketball1.png
TRACK_A_INTERNAL,Chilli,cerocospora,nutritional deficiency,1,0.3854240477085113,0.3854240477085113,D:\CropDiseaseProject\chilli_cold\cerocospora\IMG_5427.JPG
