model_name,benchmark_subset,true_crop,predicted_crop,count,total_true_crop,row_percentage
Model A (Baseline),Track B External,Tomato,Tomato,20,272,7.352941176470589
Model A (Baseline),Track B External,Tomato,Grape,97,272,35.661764705882355
Model A (Baseline),Track B External,Tomato,Chilli,146,272,53.67647058823529
Model A (Baseline),Track B External,Tomato,Sugarcane,9,272,3.308823529411765
Model A (Baseline),Track B External,Grape,Tomato,104,180,57.77777777777777
Model A (Baseline),Track B External,Grape,Grape,69,180,38.333333333333336
Model A (Baseline),Track B External,Grape,Chilli,7,180,3.888888888888889
Model A (Baseline),Track B External,Grape,Sugarcane,0,180,0.0
Model A (Baseline),Track B External,Chilli,Tomato,10,120,8.333333333333332
Model A (Baseline),Track B External,Chilli,Grape,30,120,25.0
Model A (Baseline),Track B External,Chilli,Chilli,80,120,66.66666666666666
Model A (Baseline),Track B External,Chilli,Sugarcane,0,120,0.0
Model A (Baseline),Track B External,Sugarcane,Tomato,0,60,0.0
Model A (Baseline),Track B External,Sugarcane,Grape,0,60,0.0
Model A (Baseline),Track B External,Sugarcane,Chilli,0,60,0.0
Model A (Baseline),Track B External,Sugarcane,Sugarcane,60,60,100.0
Model A (Baseline),Track C Real-World,Tomato,Tomato,36,188,19.148936170212767
Model A (Baseline),Track C Real-World,Tomato,Grape,54,188,28.723404255319153
Model A (Baseline),Track C Real-World,Tomato,Chilli,95,188,50.53191489361703
Model A (Baseline),Track C Real-World,Tomato,Sugarcane,3,188,1.5957446808510638
Model A (Baseline),Track C Real-World,Grape,Tomato,57,100,56.99999999999999
Model A (Baseline),Track C Real-World,Grape,Grape,43,100,43.0
Model A (Baseline),Track C Real-World,Grape,Chilli,0,100,0.0
Model A (Baseline),Track C Real-World,Grape,Sugarcane,0,100,0.0
Model A (Baseline),Track C Real-World,Chilli,Tomato,11,97,11.34020618556701
Model A (Baseline),Track C Real-World,Chilli,Grape,32,97,32.98969072164948
Model A (Baseline),Track C Real-World,Chilli,Chilli,54,97,55.670103092783506
Model A (Baseline),Track C Real-World,Chilli,Sugarcane,0,97,0.0
Model A (Baseline),Track C Real-World,Sugarcane,Tomato,0,40,0.0
Model A (Baseline),Track C Real-World,Sugarcane,Grape,0,40,0.0
Model A (Baseline),Track C Real-World,Sugarcane,Chilli,0,40,0.0
Model A (Baseline),Track C Real-World,Sugarcane,Sugarcane,40,40,100.0
Model A (Baseline),Phase 18 Benchmark,Tomato,Tomato,56,460,12.173913043478262
Model A (Baseline),Phase 18 Benchmark,Tomato,Grape,151,460,32.826086956521735
Model A (Baseline),Phase 18 Benchmark,Tomato,Chilli,241,460,52.391304347826086
Model A (Baseline),Phase 18 Benchmark,Tomato,Sugarcane,12,460,2.608695652173913
Model A (Baseline),Phase 18 Benchmark,Grape,Tomato,161,280,57.49999999999999
Model A (Baseline),Phase 18 Benchmark,Grape,Grape,112,280,40.0
Model A (Baseline),Phase 18 Benchmark,Grape,Chilli,7,280,2.5
Model A (Baseline),Phase 18 Benchmark,Grape,Sugarcane,0,280,0.0
Model A (Baseline),Phase 18 Benchmark,Chilli,Tomato,31,332,9.33734939759036
Model A (Baseline),Phase 18 Benchmark,Chilli,Grape,99,332,29.819277108433734
Model A (Baseline),Phase 18 Benchmark,Chilli,Chilli,197,332,59.337349397590366
Model A (Baseline),Phase 18 Benchmark,Chilli,Sugarcane,5,332,1.5060240963855422
Model A (Baseline),Phase 18 Benchmark,Sugarcane,Tomato,0,100,0.0
Model A (Baseline),Phase 18 Benchmark,Sugarcane,Grape,0,100,0.0
Model A (Baseline),Phase 18 Benchmark,Sugarcane,Chilli,0,100,0.0
Model A (Baseline),Phase 18 Benchmark,Sugarcane,Sugarcane,100,100,100.0
Model B (Augmented),Track B External,Tomato,Tomato,27,272,9.926470588235293
Model B (Augmented),Track B External,Tomato,Grape,101,272,37.13235294117647
Model B (Augmented),Track B External,Tomato,Chilli,135,272,49.63235294117647
Model B (Augmented),Track B External,Tomato,Sugarcane,9,272,3.308823529411765
Model B (Augmented),Track B External,Grape,Tomato,113,180,62.77777777777778
Model B (Augmented),Track B External,Grape,Grape,63,180,35.0
Model B (Augmented),Track B External,Grape,Chilli,4,180,2.2222222222222223
Model B (Augmented),Track B External,Grape,Sugarcane,0,180,0.0
Model B (Augmented),Track B External,Chilli,Tomato,4,120,3.3333333333333335
Model B (Augmented),Track B External,Chilli,Grape,41,120,34.166666666666664
Model B (Augmented),Track B External,Chilli,Chilli,75,120,62.5
Model B (Augmented),Track B External,Chilli,Sugarcane,0,120,0.0
Model B (Augmented),Track B External,Sugarcane,Tomato,0,60,0.0
Model B (Augmented),Track B External,Sugarcane,Grape,0,60,0.0
Model B (Augmented),Track B External,Sugarcane,Chilli,0,60,0.0
Model B (Augmented),Track B External,Sugarcane,Sugarcane,60,60,100.0
Model B (Augmented),Track C Real-World,Tomato,Tomato,35,188,18.617021276595743
Model B (Augmented),Track C Real-World,Tomato,Grape,60,188,31.914893617021278
Model B (Augmented),Track C Real-World,Tomato,Chilli,91,188,48.40425531914894
Model B (Augmented),Track C Real-World,Tomato,Sugarcane,2,188,1.0638297872340425
Model B (Augmented),Track C Real-World,Grape,Tomato,66,100,66.0
Model B (Augmented),Track C Real-World,Grape,Grape,33,100,33.0
Model B (Augmented),Track C Real-World,Grape,Chilli,1,100,1.0
Model B (Augmented),Track C Real-World,Grape,Sugarcane,0,100,0.0
Model B (Augmented),Track C Real-World,Chilli,Tomato,6,97,6.185567010309279
Model B (Augmented),Track C Real-World,Chilli,Grape,32,97,32.98969072164948
Model B (Augmented),Track C Real-World,Chilli,Chilli,59,97,60.824742268041234
Model B (Augmented),Track C Real-World,Chilli,Sugarcane,0,97,0.0
Model B (Augmented),Track C Real-World,Sugarcane,Tomato,0,40,0.0
Model B (Augmented),Track C Real-World,Sugarcane,Grape,0,40,0.0
Model B (Augmented),Track C Real-World,Sugarcane,Chilli,0,40,0.0
Model B (Augmented),Track C Real-World,Sugarcane,Sugarcane,40,40,100.0
Model B (Augmented),Phase 18 Benchmark,Tomato,Tomato,62,460,13.478260869565217
Model B (Augmented),Phase 18 Benchmark,Tomato,Grape,161,460,35.0
Model B (Augmented),Phase 18 Benchmark,Tomato,Chilli,226,460,49.130434782608695
Model B (Augmented),Phase 18 Benchmark,Tomato,Sugarcane,11,460,2.391304347826087
Model B (Augmented),Phase 18 Benchmark,Grape,Tomato,179,280,63.92857142857142
Model B (Augmented),Phase 18 Benchmark,Grape,Grape,96,280,34.285714285714285
Model B (Augmented),Phase 18 Benchmark,Grape,Chilli,5,280,1.7857142857142856
Model B (Augmented),Phase 18 Benchmark,Grape,Sugarcane,0,280,0.0
Model B (Augmented),Phase 18 Benchmark,Chilli,Tomato,20,332,6.024096385542169
Model B (Augmented),Phase 18 Benchmark,Chilli,Grape,106,332,31.92771084337349
Model B (Augmented),Phase 18 Benchmark,Chilli,Chilli,201,332,60.54216867469879
Model B (Augmented),Phase 18 Benchmark,Chilli,Sugarcane,5,332,1.5060240963855422
Model B (Augmented),Phase 18 Benchmark,Sugarcane,Tomato,0,100,0.0
Model B (Augmented),Phase 18 Benchmark,Sugarcane,Grape,0,100,0.0
Model B (Augmented),Phase 18 Benchmark,Sugarcane,Chilli,0,100,0.0
Model B (Augmented),Phase 18 Benchmark,Sugarcane,Sugarcane,100,100,100.0
