image_id,source_dataset,crop,source_class,canonical_class,relative_path,sha256,width,height,resolution_tier,original_url_or_doi,license
FP-TOM-0001,"FieldPlant (Moupojou et al., 2023)",tomato,tomato healthy,tomato_healthy,experiments/field_data_19b5/tomato_fieldplant/tomato_healthy/Tomate_Feuilles_Saines-1-_jpg.rf.f8ca1eb9a03f50e21c74dce9ec8224f4.jpg,7f29a14e799e2bb79964c2daf0616585aa4d3ad7a9e799fd761dea75495b1f6e,3120,3120,Ultra-High (>=2500px),https://doi.org/10.1109/ACCESS.2023.3263042,CC BY 4.0
FP-TOM-0002,"FieldPlant (Moupojou et al., 2023)",tomato,tomato healthy,tomato_healthy,experiments/field_data_19b5/tomato_fieldplant/tomato_healthy/IMG_20221118_081143_496_jpg.rf.1cadbc61b47e07080346a3865c9ce047.jpg,13e0cc71779ca85030937c95a472c80b7eedbb46ce796e7dd10fd637fe15e17d,2560,1920,Ultra-High (>=2500px),https://doi.org/10.1109/ACCESS.2023.3263042,CC BY 4.0
FP-TOM-0003,"FieldPlant (Moupojou et al., 2023)",tomato,tomato healthy,tomato_healthy,experiments/field_data_19b5/tomato_fieldplant/tomato_healthy/IMG_20221118_081154_051_jpg.rf.33c305b939a748314754e91fa8be48cf.jpg,e0a5cba07372c587236b21981b15676d01ebb93909fc1b1cf87bafaa3af63dc6,2560,1920,Ultra-High (>=2500px),https://doi.org/10.1109/ACCESS.2023.3263042,CC BY 4.0
FP-TOM-0004,"FieldPlant (Moupojou et al., 2023)",tomato,tomato healthy,tomato_healthy,experiments/field_data_19b5/tomato_fieldplant/tomato_healthy/IMG_20221118_083019_910_jpg.rf.5018d05cbbf5f14b0831dad2c69ebbcf.jpg,7ac6bb1dc268d8aa07d1b2aa3207b46e7482074a12e573c4571ef77f3fab2a3d,2560,1920,Ultra-High (>=2500px),https://doi.org/10.1109/ACCESS.2023.3263042,CC BY 4.0
FP-TOM-0005,"FieldPlant (Moupojou et al., 2023)",tomato,tomato healthy,tomato_healthy,experiments/field_data_19b5/tomato_fieldplant/tomato_healthy/IMG_20221118_083026_564_jpg.rf.f3402ef9b08d1f04e53dfa9f52f359a9.jpg,b843d41ebc16bf5de127d8b86678c7269c987bae00060ac1016e7e564b3ce713,2560,1920,Ultra-High (>=2500px),https://doi.org/10.1109/ACCESS.2023.3263042,CC BY 4.0
FP-TOM-0006,"FieldPlant (Moupojou et al., 2023)",tomato,tomato healthy,tomato_healthy,experiments/field_data_19b5/tomato_fieldplant/tomato_healthy/IMG_20221118_092530_446_jpg.rf.8c830063229b45af270d0ee89b49c5b3.jpg,f2534344fa58ed583165a25657dc6ff744a968feed86e82163fc3633e5871515,1920,2560,Ultra-High (>=2500px),https://doi.org/10.1109/ACCESS.2023.3263042,CC BY 4.0
FP-TOM-0007,"FieldPlant (Moupojou et al., 2023)",tomato,tomato healthy,tomato_healthy,experiments/field_data_19b5/tomato_fieldplant/tomato_healthy/IMG_20221118_161719_562_jpg.rf.7b4543ccac4846d3652a7a389e2bdc43.jpg,160984b1a79b071cc762fd0e497c8506a4bc77d2c66c1d66f84c51e297539835,1920,2560,Ultra-High (>=2500px),https://doi.org/10.1109/ACCESS.2023.3263042,CC BY 4.0
FP-TOM-0008,"FieldPlant (Moupojou et al., 2023)",tomato,tomato healthy,tomato_healthy,experiments/field_data_19b5/tomato_fieldplant/tomato_healthy/IMG_20221118_162825_417_jpg.rf.356bb4bf211472138a5476fb938d1eae.jpg,c9b4c306697fd608420a4e3fe3e2a8a6266eb81e904208d7ba56cb0c037ae606,1920,2560,Ultra-High (>=2500px),https://doi.org/10.1109/ACCESS.2023.3263042,CC BY 4.0
FP-TOM-0009,"FieldPlant (Moupojou et al., 2023)",tomato,tomato healthy,tomato_healthy,experiments/field_data_19b5/tomato_fieldplant/tomato_healthy/Tomate_Feuilles_Saines-2-_jpg.rf.c9e52c53b58e3b6cb43d8e0999ecf040.jpg,5fd90fd49646bb011f158f6d6dfbade44e2f66186604e0a6fb342fadac31982a,3120,3120,Ultra-High (>=2500px),https://doi.org/10.1109/ACCESS.2023.3263042,CC BY 4.0
FP-TOM-0010,"FieldPlant (Moupojou et al., 2023)",tomato,tomato healthy,tomato_healthy,experiments/field_data_19b5/tomato_fieldplant/tomato_healthy/Tomate_Feuilles_Saines-3-_jpg.rf.15837883210f2e8e63457f6a34cde1f8.jpg,29d539ff6689440bb56c2ef81b83d4d3e557470cf8ba0ade81551000f6008d0b,3120,4160,Ultra-High (>=2500px),https://doi.org/10.1109/ACCESS.2023.3263042,CC BY 4.0
FP-TOM-0011,"FieldPlant (Moupojou et al., 2023)",tomato,tomato healthy,tomato_healthy,experiments/field_data_19b5/tomato_fieldplant/tomato_healthy/Tomate_Mildiou-10-_jpg.rf.9671add0d5f9bf966bf4739cc68687e1.jpg,3c64ab2ba003a09036715642b6e6cc23830bd92eaa0e280d711a3b92fe5dedfa,3120,4160,Ultra-High (>=2500px),https://doi.org/10.1109/ACCESS.2023.3263042,CC BY 4.0
FP-TOM-0012,"FieldPlant (Moupojou et al., 2023)",tomato,tomato healthy,tomato_healthy,experiments/field_data_19b5/tomato_fieldplant/tomato_healthy/Tomate_Feuilles_Saines-4-_jpg.rf.5df26c9cfa61c11fb3d8b7b2fc8055ae.jpg,9e462d60adca35d0f7cf8371ed093b0623a2a1e962d9f195f9e06dba49513d8d,4160,3120,Ultra-High (>=2500px),https://doi.org/10.1109/ACCESS.2023.3263042,CC BY 4.0
FP-TOM-0013,"FieldPlant (Moupojou et al., 2023)",tomato,tomato healthy,tomato_healthy,experiments/field_data_19b5/tomato_fieldplant/tomato_healthy/Tomate_Mildiou-1-_jpg.rf.fda21396432b659bc50c080580b65bb1.jpg,8279b8fd6508d7e29d76532bc11d05263b56f50dff729dc496c1a13d427d2443,4160,3120,Ultra-High (>=2500px),https://doi.org/10.1109/ACCESS.2023.3263042,CC BY 4.0
FP-TOM-0014,"FieldPlant (Moupojou et al., 2023)",tomato,tomato leaf mosaic virus,tomato_mosaic_virus,experiments/field_data_19b5/tomato_fieldplant/tomato_mosaic_virus/Tomate_Mosaique-15-_jpg.rf.86ec47cb4b8cd9832d9711e8ce274a7a.jpg,43ea2808a224e49063d8b5bec74e1b4cbf45eb04ff2a5257dd65254b4da2b43d,3120,3120,Ultra-High (>=2500px),https://doi.org/10.1109/ACCESS.2023.3263042,CC BY 4.0
FP-TOM-0015,"FieldPlant (Moupojou et al., 2023)",tomato,tomato leaf mosaic virus,tomato_mosaic_virus,experiments/field_data_19b5/tomato_fieldplant/tomato_mosaic_virus/Tomate_Mosaique-1-_jpg.rf.c63f595ed639f9b3367a48c295dd73fd.jpg,a99da665fa2182ae91d7537f47997433f0f4f2900d7a5dd64675a5357b705b56,4160,3120,Ultra-High (>=2500px),https://doi.org/10.1109/ACCESS.2023.3263042,CC BY 4.0
FP-TOM-0016,"FieldPlant (Moupojou et al., 2023)",tomato,tomato leaf mosaic virus,tomato_mosaic_virus,experiments/field_data_19b5/tomato_fieldplant/tomato_mosaic_virus/Tomate_Mosaique-10-_jpg.rf.5a0c7988779d2430e4e982b71785dd51.jpg,c14639a1d9f287c64b76464fa69c4efa1650750bed200044566d2d2b82e201ee,3120,4160,Ultra-High (>=2500px),https://doi.org/10.1109/ACCESS.2023.3263042,CC BY 4.0
FP-TOM-0017,"FieldPlant (Moupojou et al., 2023)",tomato,tomato leaf mosaic virus,tomato_mosaic_virus,experiments/field_data_19b5/tomato_fieldplant/tomato_mosaic_virus/Tomate_Mosaique-11-_jpg.rf.0e7eba43189f8c8a9ccce2e23c5761e3.jpg,64e3fab75732f47d19ee87868b640432493f43850ecded3efede81c40705b0ca,3120,4160,Ultra-High (>=2500px),https://doi.org/10.1109/ACCESS.2023.3263042,CC BY 4.0
FP-TOM-0018,"FieldPlant (Moupojou et al., 2023)",tomato,tomato leaf mosaic virus,tomato_mosaic_virus,experiments/field_data_19b5/tomato_fieldplant/tomato_mosaic_virus/Tomate_Mosaique-13-_jpg.rf.3b10f6aa033b3264c5ad3826345c9bbe.jpg,f7f45c4d7c9e4101fceee90d1e4cc848b24a12d36b17ad25e0fa1711c289316d,3120,3120,Ultra-High (>=2500px),https://doi.org/10.1109/ACCESS.2023.3263042,CC BY 4.0
FP-TOM-0019,"FieldPlant (Moupojou et al., 2023)",tomato,tomato leaf mosaic virus,tomato_mosaic_virus,experiments/field_data_19b5/tomato_fieldplant/tomato_mosaic_virus/Tomate_Mosaique-14-_jpg.rf.ffb05ed6db47fc727d9434f9244e24c8.jpg,8a4fc928c7654e505164a44e7e6328c762341eed007f35d606dbc3812bab3e79,3120,3120,Ultra-High (>=2500px),https://doi.org/10.1109/ACCESS.2023.3263042,CC BY 4.0
FP-TOM-0020,"FieldPlant (Moupojou et al., 2023)",tomato,tomato leaf mosaic virus,tomato_mosaic_virus,experiments/field_data_19b5/tomato_fieldplant/tomato_mosaic_virus/Tomate_Mosaique-2-_jpg.rf.55b230794ba038d302936ac7618d8710.jpg,770a4a8957bc7974fdf263b61dd81d59ab274f69bd0c81a7744515dc05dad3fa,3120,4160,Ultra-High (>=2500px),https://doi.org/10.1109/ACCESS.2023.3263042,CC BY 4.0
FP-TOM-0021,"FieldPlant (Moupojou et al., 2023)",tomato,tomato leaf mosaic virus,tomato_mosaic_virus,experiments/field_data_19b5/tomato_fieldplant/tomato_mosaic_virus/Tomate_Mosaique-27-_jpg.rf.01da5f5dbf8728323ca4d03b64770701.jpg,5db07263dd95b0516f1998cc60c3a6c671774d6e4bc49e2f392206dd86936540,3120,3120,Ultra-High (>=2500px),https://doi.org/10.1109/ACCESS.2023.3263042,CC BY 4.0
FP-TOM-0022,"FieldPlant (Moupojou et al., 2023)",tomato,tomato leaf mosaic virus,tomato_mosaic_virus,experiments/field_data_19b5/tomato_fieldplant/tomato_mosaic_virus/Tomate_Mosaique-28-_jpg.rf.78b2258cbf3eb0b32c95d5e59b9edc81.jpg,541296b476c4396ac7a0f9c147c5bf73687c3a791bcac14fd53e483a21a60180,3120,3120,Ultra-High (>=2500px),https://doi.org/10.1109/ACCESS.2023.3263042,CC BY 4.0
FP-TOM-0023,"FieldPlant (Moupojou et al., 2023)",tomato,tomato leaf mosaic virus,tomato_mosaic_virus,experiments/field_data_19b5/tomato_fieldplant/tomato_mosaic_virus/Tomate_Mosaique-29-_jpg.rf.053d37dc63e2452f67879a4c6ec13769.jpg,f783c7d7cc8b2e11f2b4daa23e0520ebb7bdaedcb46d00ce8013effddb101abe,3120,3120,Ultra-High (>=2500px),https://doi.org/10.1109/ACCESS.2023.3263042,CC BY 4.0
FP-TOM-0024,"FieldPlant (Moupojou et al., 2023)",tomato,tomato leaf mosaic virus,tomato_mosaic_virus,experiments/field_data_19b5/tomato_fieldplant/tomato_mosaic_virus/Tomate_Mosaique-3-_jpg.rf.16708e41c8cae17c538784a3fb015108.jpg,560f0045a7f748ef4dbb4e7b1fa18483e27f1d97f58c08aa5f6b15c9d6f28567,3120,4160,Ultra-High (>=2500px),https://doi.org/10.1109/ACCESS.2023.3263042,CC BY 4.0
FP-TOM-0025,"FieldPlant (Moupojou et al., 2023)",tomato,tomato leaf mosaic virus,tomato_mosaic_virus,experiments/field_data_19b5/tomato_fieldplant/tomato_mosaic_virus/Tomate_Mosaique-12-_jpg.rf.823c4916b2d93f64593ee89ba56547c6.jpg,c2cee074ff3d535d3e7d462236c6f37a419e0135af578fc4bb4fad61e89d2e09,3120,4160,Ultra-High (>=2500px),https://doi.org/10.1109/ACCESS.2023.3263042,CC BY 4.0
FP-TOM-0026,"FieldPlant (Moupojou et al., 2023)",tomato,tomato leaf mosaic virus,tomato_mosaic_virus,experiments/field_data_19b5/tomato_fieldplant/tomato_mosaic_virus/Tomate_Mosaique-17-_jpg.rf.bfee2a01a1c38d11af48aff895828fcc.jpg,e1f9f4795fb6497053d19d0d68bd58e941f34939ed3202ee6a44d556fceef24f,3120,3120,Ultra-High (>=2500px),https://doi.org/10.1109/ACCESS.2023.3263042,CC BY 4.0
FP-TOM-0027,"FieldPlant (Moupojou et al., 2023)",tomato,tomato leaf yellow virus,tomato_yellow_leaf_curl_virus,experiments/field_data_19b5/tomato_fieldplant/tomato_yellow_leaf_curl_virus/IMG20221220112427_jpg.rf.c2d2ed46627288bd535187361532d4b7.jpg,240ef2db16e7841d21aa4da597efa6aef006ae5bfd582b8458253fdb18560fc2,3120,3120,Ultra-High (>=2500px),https://doi.org/10.1109/ACCESS.2023.3263042,CC BY 4.0
FP-TOM-0028,"FieldPlant (Moupojou et al., 2023)",tomato,tomato leaf yellow virus,tomato_yellow_leaf_curl_virus,experiments/field_data_19b5/tomato_fieldplant/tomato_yellow_leaf_curl_virus/IMG20221220112852_jpg.rf.671e3b3d42a56eb871c667ca06b10505.jpg,a6ddbc0cd400c15235c4208b20574d87d77b2bfb174e0dd128aa820874e144e1,3120,3120,Ultra-High (>=2500px),https://doi.org/10.1109/ACCESS.2023.3263042,CC BY 4.0
FP-TOM-0029,"FieldPlant (Moupojou et al., 2023)",tomato,tomato leaf yellow virus,tomato_yellow_leaf_curl_virus,experiments/field_data_19b5/tomato_fieldplant/tomato_yellow_leaf_curl_virus/IMG20221220113044_jpg.rf.c52c3a0480f48502c7a7d14bed9b6157.jpg,579b9fe3c5d659dda09bacec3086ae9fca191444ffb5a13c8f41695790a3d03d,3120,3120,Ultra-High (>=2500px),https://doi.org/10.1109/ACCESS.2023.3263042,CC BY 4.0
FP-TOM-0030,"FieldPlant (Moupojou et al., 2023)",tomato,tomato leaf yellow virus,tomato_yellow_leaf_curl_virus,experiments/field_data_19b5/tomato_fieldplant/tomato_yellow_leaf_curl_virus/IMG20221220120444_jpg.rf.205ae27b4901a680bb58f64e15042102.jpg,9606dd18c3c01882c48d34eef111572cc7f5c65d5f68e9c0e2087e997b615489,3120,3120,Ultra-High (>=2500px),https://doi.org/10.1109/ACCESS.2023.3263042,CC BY 4.0
FP-TOM-0031,"FieldPlant (Moupojou et al., 2023)",tomato,tomato leaf yellow virus,tomato_yellow_leaf_curl_virus,experiments/field_data_19b5/tomato_fieldplant/tomato_yellow_leaf_curl_virus/IMG20221220132107_jpg.rf.6c09595997c79040fd2eca0a5fa01ebc.jpg,b00fe0660b2f85aae50add2f6f5ed0f7061b6a34eafe7b99cc73fd9c9cc35c5a,2448,3264,Ultra-High (>=2500px),https://doi.org/10.1109/ACCESS.2023.3263042,CC BY 4.0
FP-TOM-0032,"FieldPlant (Moupojou et al., 2023)",tomato,tomato leaf yellow virus,tomato_yellow_leaf_curl_virus,experiments/field_data_19b5/tomato_fieldplant/tomato_yellow_leaf_curl_virus/IMG_20221220_111408_jpg.rf.4994a3bebe3d4f0ff03ba141ffacf005.jpg,cd57a88c6191cad95b7ca2866f600d7b658d5f1a3eddb96c55c4f274b4bcee37,4160,3120,Ultra-High (>=2500px),https://doi.org/10.1109/ACCESS.2023.3263042,CC BY 4.0
FP-TOM-0033,"FieldPlant (Moupojou et al., 2023)",tomato,tomato leaf yellow virus,tomato_yellow_leaf_curl_virus,experiments/field_data_19b5/tomato_fieldplant/tomato_yellow_leaf_curl_virus/IMG_20221220_111412_jpg.rf.0e36445df292cc6fb4d7b2754658e427.jpg,e5f58f03abbff5de42e229ee8440c0cdec259dc3280125859c7db34e95730bab,4160,3120,Ultra-High (>=2500px),https://doi.org/10.1109/ACCESS.2023.3263042,CC BY 4.0
FP-TOM-0034,"FieldPlant (Moupojou et al., 2023)",tomato,tomato leaf yellow virus,tomato_yellow_leaf_curl_virus,experiments/field_data_19b5/tomato_fieldplant/tomato_yellow_leaf_curl_virus/IMG20221220111953_jpg.rf.d1e42829683e6c12410fd147eed7124a.jpg,c7538f3bbe3dffd4ce99296f59b1bf62f7e7811ab24a628800b6c565b8c8676f,3120,3120,Ultra-High (>=2500px),https://doi.org/10.1109/ACCESS.2023.3263042,CC BY 4.0
FP-TOM-0035,"FieldPlant (Moupojou et al., 2023)",tomato,tomato leaf yellow virus,tomato_yellow_leaf_curl_virus,experiments/field_data_19b5/tomato_fieldplant/tomato_yellow_leaf_curl_virus/IMG20221220111958_jpg.rf.9cff1071bcbde58027f0577d8ab79637.jpg,4e4c1924c7fc94ac3db0f50baa5567754a6f16d356df7191f7e5688438f4789f,3120,3120,Ultra-High (>=2500px),https://doi.org/10.1109/ACCESS.2023.3263042,CC BY 4.0
FP-TOM-0036,"FieldPlant (Moupojou et al., 2023)",tomato,tomato leaf yellow virus,tomato_yellow_leaf_curl_virus,experiments/field_data_19b5/tomato_fieldplant/tomato_yellow_leaf_curl_virus/IMG20221220112415_jpg.rf.71c2f68e69a41ec7a15cd34dfbbc5692.jpg,9afbc8fa66baf2462bcf6f5a4814d011f54cd9baa57cdff0f7da60f2b2332bfc,3120,3120,Ultra-High (>=2500px),https://doi.org/10.1109/ACCESS.2023.3263042,CC BY 4.0
FP-TOM-0037,"FieldPlant (Moupojou et al., 2023)",tomato,tomato leaf yellow virus,tomato_yellow_leaf_curl_virus,experiments/field_data_19b5/tomato_fieldplant/tomato_yellow_leaf_curl_virus/IMG20221220112417_jpg.rf.5d05807b974077f150fc27b74d3709d9.jpg,a0f609365b26b85b2624833d0a91bd8cc7be55abcad00136a0730373a32be334,3120,3120,Ultra-High (>=2500px),https://doi.org/10.1109/ACCESS.2023.3263042,CC BY 4.0
FP-TOM-0038,"FieldPlant (Moupojou et al., 2023)",tomato,tomato leaf yellow virus,tomato_yellow_leaf_curl_virus,experiments/field_data_19b5/tomato_fieldplant/tomato_yellow_leaf_curl_virus/IMG20221220112420_jpg.rf.0d6ec2196f8a46ac4807ab13d790384c.jpg,602e170a7325107ab3bf09636827cf8a4b5c958337436750700d8e5f5059e4e4,3120,3120,Ultra-High (>=2500px),https://doi.org/10.1109/ACCESS.2023.3263042,CC BY 4.0
FP-TOM-0039,"FieldPlant (Moupojou et al., 2023)",tomato,tomato leaf yellow virus,tomato_yellow_leaf_curl_virus,experiments/field_data_19b5/tomato_fieldplant/tomato_yellow_leaf_curl_virus/IMG20221220112430_jpg.rf.bbafbadbdc322fe841faff2bbf55416a.jpg,a8ab8e267697dd26bb931d07f421d2cb68a1a575e0b0a878dc428b907485bae7,3120,3120,Ultra-High (>=2500px),https://doi.org/10.1109/ACCESS.2023.3263042,CC BY 4.0
FP-TOM-0040,"FieldPlant (Moupojou et al., 2023)",tomato,tomato leaf yellow virus,tomato_yellow_leaf_curl_virus,experiments/field_data_19b5/tomato_fieldplant/tomato_yellow_leaf_curl_virus/IMG20221220112434_jpg.rf.c37e141020f13ef75488bd4de26811f2.jpg,b715145ed4d879c93fafa11d1061815dce4b201516bb41731ad99496251c6900,3120,3120,Ultra-High (>=2500px),https://doi.org/10.1109/ACCESS.2023.3263042,CC BY 4.0
FP-TOM-0041,"FieldPlant (Moupojou et al., 2023)",tomato,tomato leaf yellow virus,tomato_yellow_leaf_curl_virus,experiments/field_data_19b5/tomato_fieldplant/tomato_yellow_leaf_curl_virus/IMG20221220112440_jpg.rf.9cdcc594189ea7b157123f81eb92fafc.jpg,29d29d807d0207f229b1d62122a5208792bbedca0352c633dd41af9f1225fb2c,3120,3120,Ultra-High (>=2500px),https://doi.org/10.1109/ACCESS.2023.3263042,CC BY 4.0
FP-TOM-0042,"FieldPlant (Moupojou et al., 2023)",tomato,tomato leaf yellow virus,tomato_yellow_leaf_curl_virus,experiments/field_data_19b5/tomato_fieldplant/tomato_yellow_leaf_curl_virus/IMG20221220112443_jpg.rf.41ef435ef032502517ab9ae96fdaae4c.jpg,5d7ac92140829405dd85fa11422e5388a6e855f1144ce1560dccf0d51bbe7bed,3120,3120,Ultra-High (>=2500px),https://doi.org/10.1109/ACCESS.2023.3263042,CC BY 4.0
FP-TOM-0043,"FieldPlant (Moupojou et al., 2023)",tomato,tomato leaf yellow virus,tomato_yellow_leaf_curl_virus,experiments/field_data_19b5/tomato_fieldplant/tomato_yellow_leaf_curl_virus/IMG20221220112450_jpg.rf.d3cc67d8a138ea8110d76da85b817659.jpg,f63a9e21ebcac28115c259b036ebd6e23959a4391b2176851959a8ecfad1e063,3120,3120,Ultra-High (>=2500px),https://doi.org/10.1109/ACCESS.2023.3263042,CC BY 4.0
FP-TOM-0044,"FieldPlant (Moupojou et al., 2023)",tomato,tomato leaf yellow virus,tomato_yellow_leaf_curl_virus,experiments/field_data_19b5/tomato_fieldplant/tomato_yellow_leaf_curl_virus/IMG20221220112849_jpg.rf.ce2cd73a8b617f172e2ed24f90fd71c0.jpg,b2bf4aedc3606c0546797b804de6502d26af81dcd2868b88a8bb9369d711cb3a,3120,3120,Ultra-High (>=2500px),https://doi.org/10.1109/ACCESS.2023.3263042,CC BY 4.0
FP-TOM-0045,"FieldPlant (Moupojou et al., 2023)",tomato,tomato leaf yellow virus,tomato_yellow_leaf_curl_virus,experiments/field_data_19b5/tomato_fieldplant/tomato_yellow_leaf_curl_virus/IMG20221220112854_jpg.rf.57d4995eded8320c7706a928967a9e85.jpg,da3d7a54a7f9591a138a99328338d05ad25b34600e57a410486418c1da56b12d,3120,3120,Ultra-High (>=2500px),https://doi.org/10.1109/ACCESS.2023.3263042,CC BY 4.0
FP-TOM-0046,"FieldPlant (Moupojou et al., 2023)",tomato,tomato leaf yellow virus,tomato_yellow_leaf_curl_virus,experiments/field_data_19b5/tomato_fieldplant/tomato_yellow_leaf_curl_virus/IMG20221220112940_jpg.rf.159e1e9cbba656587a3dbbd379b39fc1.jpg,48cb4e2485966a918be524864970bfc0a2ec1f93a4abfcff510a2d26c1a5d0bb,3120,3120,Ultra-High (>=2500px),https://doi.org/10.1109/ACCESS.2023.3263042,CC BY 4.0
FP-TOM-0047,"FieldPlant (Moupojou et al., 2023)",tomato,tomato leaf yellow virus,tomato_yellow_leaf_curl_virus,experiments/field_data_19b5/tomato_fieldplant/tomato_yellow_leaf_curl_virus/IMG20221220113041_jpg.rf.6d8560b66ceac4150e7e6a47ce2d0907.jpg,08a376ed23f41152c1d9d84cabf2361409addf922ba0241791b57998d694b7ed,3120,3120,Ultra-High (>=2500px),https://doi.org/10.1109/ACCESS.2023.3263042,CC BY 4.0
FP-TOM-0048,"FieldPlant (Moupojou et al., 2023)",tomato,tomato leaf yellow virus,tomato_yellow_leaf_curl_virus,experiments/field_data_19b5/tomato_fieldplant/tomato_yellow_leaf_curl_virus/IMG20221220115719_jpg.rf.c54845d410181c5e8d72342e121e8eb0.jpg,367e6c5b7d400ab3b4bb9ecf093f57c483f549de599fdde5b7c61a5e58437696,3120,3120,Ultra-High (>=2500px),https://doi.org/10.1109/ACCESS.2023.3263042,CC BY 4.0
FP-TOM-0049,"FieldPlant (Moupojou et al., 2023)",tomato,tomato leaf yellow virus,tomato_yellow_leaf_curl_virus,experiments/field_data_19b5/tomato_fieldplant/tomato_yellow_leaf_curl_virus/IMG20221220120442_jpg.rf.7d45bb269e7b082698a0b2c41c58df3a.jpg,a90c60fa419b26af4f4907b0a479b97e85486e8578cd430cdcf45d9adcd42c82,3120,3120,Ultra-High (>=2500px),https://doi.org/10.1109/ACCESS.2023.3263042,CC BY 4.0
FP-TOM-0050,"FieldPlant (Moupojou et al., 2023)",tomato,tomato leaf yellow virus,tomato_yellow_leaf_curl_virus,experiments/field_data_19b5/tomato_fieldplant/tomato_yellow_leaf_curl_virus/IMG20221220131934_jpg.rf.e8ec6cdf65b29a1d94d5843905659534.jpg,8c487221898a8019a039a829d5c99d55e592d9ed6dff2d72b39f371aae01cee3,2448,3264,Ultra-High (>=2500px),https://doi.org/10.1109/ACCESS.2023.3263042,CC BY 4.0
FP-TOM-0051,"FieldPlant (Moupojou et al., 2023)",tomato,tomato leaf yellow virus,tomato_yellow_leaf_curl_virus,experiments/field_data_19b5/tomato_fieldplant/tomato_yellow_leaf_curl_virus/IMG20221220131936_jpg.rf.b3814697951c2d2c00ccb85884073990.jpg,a32b0172a164bc5627ef1af3a486efd33ba15c9876730318fc8636ce344b3d1d,2448,3264,Ultra-High (>=2500px),https://doi.org/10.1109/ACCESS.2023.3263042,CC BY 4.0
FP-TOM-0052,"FieldPlant (Moupojou et al., 2023)",tomato,tomato leaf yellow virus,tomato_yellow_leaf_curl_virus,experiments/field_data_19b5/tomato_fieldplant/tomato_yellow_leaf_curl_virus/IMG20221220132022_jpg.rf.b69d5241250a7766f7442ebef11a167a.jpg,4efd762d1ac09305386808c292ad264b5f4dd969d9013894e8e83eb9ad760618,2448,3264,Ultra-High (>=2500px),https://doi.org/10.1109/ACCESS.2023.3263042,CC BY 4.0
FP-TOM-0053,"FieldPlant (Moupojou et al., 2023)",tomato,tomato leaf yellow virus,tomato_yellow_leaf_curl_virus,experiments/field_data_19b5/tomato_fieldplant/tomato_yellow_leaf_curl_virus/IMG20221220132027_jpg.rf.938a81a7ddf67e40346f626570719c25.jpg,54639388e82cc3e611a89b61985dfa2ad71b2b74bfe057c28a1246335ed94ca2,2448,3264,Ultra-High (>=2500px),https://doi.org/10.1109/ACCESS.2023.3263042,CC BY 4.0
FP-TOM-0054,"FieldPlant (Moupojou et al., 2023)",tomato,tomato leaf yellow virus,tomato_yellow_leaf_curl_virus,experiments/field_data_19b5/tomato_fieldplant/tomato_yellow_leaf_curl_virus/IMG20221220132105_jpg.rf.f6f1523b992575bc2034024c05ddab45.jpg,93add4406308b15c35fee6a7a115c1a1d3f58f11568051b39064bc3f8c8c8fb3,2448,3264,Ultra-High (>=2500px),https://doi.org/10.1109/ACCESS.2023.3263042,CC BY 4.0
FP-TOM-0055,"FieldPlant (Moupojou et al., 2023)",tomato,tomato leaf yellow virus,tomato_yellow_leaf_curl_virus,experiments/field_data_19b5/tomato_fieldplant/tomato_yellow_leaf_curl_virus/IMG_20221220_105059_1_jpg.rf.d08e84e6787bd14e4b2a93f3c24eefae.jpg,623b511e89dfb19b6f45c4179c7c6e7fb4fa7c4fbd28b19fae76e730397eba14,3120,4160,Ultra-High (>=2500px),https://doi.org/10.1109/ACCESS.2023.3263042,CC BY 4.0
FP-TOM-0056,"FieldPlant (Moupojou et al., 2023)",tomato,tomato leaf yellow virus,tomato_yellow_leaf_curl_virus,experiments/field_data_19b5/tomato_fieldplant/tomato_yellow_leaf_curl_virus/IMG_20221220_105103_jpg.rf.2718a3a0ff3be4452374a669e00d75a5.jpg,3ed12bec2206343453bbeec5483f82ed0ac1ddd97d86d6c85acb88a112721c79,3120,4160,Ultra-High (>=2500px),https://doi.org/10.1109/ACCESS.2023.3263042,CC BY 4.0
FP-TOM-0057,"FieldPlant (Moupojou et al., 2023)",tomato,tomato leaf yellow virus,tomato_yellow_leaf_curl_virus,experiments/field_data_19b5/tomato_fieldplant/tomato_yellow_leaf_curl_virus/IMG_20221220_105112_1_jpg.rf.b515aabf1af2bac7f5f8cff02453bdd1.jpg,14580553cf621474d989cfcaec71714d6b25d8d6cdc5bc86ea6a659ce7a067f1,3120,4160,Ultra-High (>=2500px),https://doi.org/10.1109/ACCESS.2023.3263042,CC BY 4.0
FP-TOM-0058,"FieldPlant (Moupojou et al., 2023)",tomato,tomato leaf yellow virus,tomato_yellow_leaf_curl_virus,experiments/field_data_19b5/tomato_fieldplant/tomato_yellow_leaf_curl_virus/IMG_20221220_105119_1_jpg.rf.6d3c922faeb83b3d835024ca5f8ba006.jpg,049eb33d7b7c945601c3ed540f09cf6f718a2e4f96658bcfb46daa8afb5a83de,4160,3120,Ultra-High (>=2500px),https://doi.org/10.1109/ACCESS.2023.3263042,CC BY 4.0
FP-TOM-0059,"FieldPlant (Moupojou et al., 2023)",tomato,tomato leaf yellow virus,tomato_yellow_leaf_curl_virus,experiments/field_data_19b5/tomato_fieldplant/tomato_yellow_leaf_curl_virus/IMG_20221220_105144_1_jpg.rf.c217646caf22b64da998578766929cf1.jpg,fc919536b74363862c340893d7b5933074b30302b694131bef3b682868004b1e,3120,4160,Ultra-High (>=2500px),https://doi.org/10.1109/ACCESS.2023.3263042,CC BY 4.0
FP-TOM-0060,"FieldPlant (Moupojou et al., 2023)",tomato,tomato leaf yellow virus,tomato_yellow_leaf_curl_virus,experiments/field_data_19b5/tomato_fieldplant/tomato_yellow_leaf_curl_virus/IMG_20221220_105149_1_jpg.rf.569d3488a7d6303b7736fbebcd881623.jpg,d0abdb466dbfb427c8997db7cf2b3064176a57324ef0bd25d16967c89563abf3,3120,4160,Ultra-High (>=2500px),https://doi.org/10.1109/ACCESS.2023.3263042,CC BY 4.0
FP-TOM-0061,"FieldPlant (Moupojou et al., 2023)",tomato,tomato leaf yellow virus,tomato_yellow_leaf_curl_virus,experiments/field_data_19b5/tomato_fieldplant/tomato_yellow_leaf_curl_virus/IMG_20221220_111301_jpg.rf.ef177f361fcb59c7e3e5cbbf237be478.jpg,567bdf17062be016f3d9ff0fab33905d3f34dcfd2940f80f8ac8bae35873efc6,4160,3120,Ultra-High (>=2500px),https://doi.org/10.1109/ACCESS.2023.3263042,CC BY 4.0
FP-TOM-0062,"FieldPlant (Moupojou et al., 2023)",tomato,tomato leaf yellow virus,tomato_yellow_leaf_curl_virus,experiments/field_data_19b5/tomato_fieldplant/tomato_yellow_leaf_curl_virus/IMG_20221220_111351_jpg.rf.3fe3921c3df9653fdb56aa40f9889b75.jpg,4bdb3cf5e65fa757ebccefda83ed929716887448681cadeea727185a528b3152,4160,3120,Ultra-High (>=2500px),https://doi.org/10.1109/ACCESS.2023.3263042,CC BY 4.0
FP-TOM-0063,"FieldPlant (Moupojou et al., 2023)",tomato,tomato leaf yellow virus,tomato_yellow_leaf_curl_virus,experiments/field_data_19b5/tomato_fieldplant/tomato_yellow_leaf_curl_virus/IMG_20221220_111418_jpg.rf.a93f880971f6859c756637e916acf3ab.jpg,e47dd761a324bec09e536ec01e13712db2e61be401086cacdabfd3b4039f74ff,4160,3120,Ultra-High (>=2500px),https://doi.org/10.1109/ACCESS.2023.3263042,CC BY 4.0
FP-TOM-0064,"FieldPlant (Moupojou et al., 2023)",tomato,tomato leaf yellow virus,tomato_yellow_leaf_curl_virus,experiments/field_data_19b5/tomato_fieldplant/tomato_yellow_leaf_curl_virus/IMG_20221220_111423_jpg.rf.15f86c85b63f099259e6d46ab0d97904.jpg,665c78145727f7f5b4bebb3482f775aa0927f58986b73722814dd790d332ecb3,4160,3120,Ultra-High (>=2500px),https://doi.org/10.1109/ACCESS.2023.3263042,CC BY 4.0
FP-TOM-0065,"FieldPlant (Moupojou et al., 2023)",tomato,tomato leaf yellow virus,tomato_yellow_leaf_curl_virus,experiments/field_data_19b5/tomato_fieldplant/tomato_yellow_leaf_curl_virus/IMG_20221220_111428_jpg.rf.780d2bf55b2640034c2740bb276e297b.jpg,07e359048f476c54bb5fdcb01fcf1a632a2e9933df0c48637f97d1db2a27536b,4160,3120,Ultra-High (>=2500px),https://doi.org/10.1109/ACCESS.2023.3263042,CC BY 4.0
FP-TOM-0066,"FieldPlant (Moupojou et al., 2023)",tomato,tomato leaf yellow virus,tomato_yellow_leaf_curl_virus,experiments/field_data_19b5/tomato_fieldplant/tomato_yellow_leaf_curl_virus/IMG_20221220_111653_jpg.rf.e31268be058843905479b2b37dc494f4.jpg,9053f63b31665ace7f05629e1ca93bfe1ef18011acc7a3a39c30b8c2a2ef01ed,4160,3120,Ultra-High (>=2500px),https://doi.org/10.1109/ACCESS.2023.3263042,CC BY 4.0
FP-TOM-0067,"FieldPlant (Moupojou et al., 2023)",tomato,tomato leaf yellow virus,tomato_yellow_leaf_curl_virus,experiments/field_data_19b5/tomato_fieldplant/tomato_yellow_leaf_curl_virus/IMG_20221220_111758_1_jpg.rf.52ec4c4238c786be78a5cb66116ccc8d.jpg,dda56a9465b97c7a33b3588b3de67c2ebf2d4ef693c67e2d9ef97ef5683525de,3120,4160,Ultra-High (>=2500px),https://doi.org/10.1109/ACCESS.2023.3263042,CC BY 4.0
FP-TOM-0068,"FieldPlant (Moupojou et al., 2023)",tomato,tomato leaf yellow virus,tomato_yellow_leaf_curl_virus,experiments/field_data_19b5/tomato_fieldplant/tomato_yellow_leaf_curl_virus/IMG_20221220_111807_1_jpg.rf.2fa660627cb29f7bc63237fa5d881716.jpg,ff73448b6dd956ad9f4859a88e0ded6ff04e99fe9b5ad5f5ad95216e7c1d1534,4160,3120,Ultra-High (>=2500px),https://doi.org/10.1109/ACCESS.2023.3263042,CC BY 4.0
FP-TOM-0069,"FieldPlant (Moupojou et al., 2023)",tomato,tomato leaf yellow virus,tomato_yellow_leaf_curl_virus,experiments/field_data_19b5/tomato_fieldplant/tomato_yellow_leaf_curl_virus/IMG_20221220_111814_1_jpg.rf.acf230e0bd80b41e4a1a6ba0de78c1c7.jpg,b05ccc6a8c9414c2c5a872616cdacb24afe9e584387661359ea2819a2fc9d7ce,3120,4160,Ultra-High (>=2500px),https://doi.org/10.1109/ACCESS.2023.3263042,CC BY 4.0
FP-TOM-0070,"FieldPlant (Moupojou et al., 2023)",tomato,tomato leaf yellow virus,tomato_yellow_leaf_curl_virus,experiments/field_data_19b5/tomato_fieldplant/tomato_yellow_leaf_curl_virus/IMG_20221220_111819_1_jpg.rf.f21b9f0fa9a6645497758cb0f420e5b4.jpg,f148d170af26242443cb61bfffcf9d8e79b7a835acc5054815a7efe8e6869cbb,3120,4160,Ultra-High (>=2500px),https://doi.org/10.1109/ACCESS.2023.3263042,CC BY 4.0
FP-TOM-0071,"FieldPlant (Moupojou et al., 2023)",tomato,tomato leaf yellow virus,tomato_yellow_leaf_curl_virus,experiments/field_data_19b5/tomato_fieldplant/tomato_yellow_leaf_curl_virus/IMG_20221220_111831_1_jpg.rf.b4b7a36ef359ec590f2f54e443ead52f.jpg,f64f33d87c867a366e8edfdfa6f3802a136ed5aab232c1b727a164d41fbd3aa7,4160,3120,Ultra-High (>=2500px),https://doi.org/10.1109/ACCESS.2023.3263042,CC BY 4.0
HERMOS-GRP-0072,"HERMOS (Özacar et al., 2024)",grape,powdery mildew,grape_powdery_mildew,experiments/field_data_19b5/grape_hermos/grape_powdery_mildew/IMG_8167.JPG,c95ba38fbb7b395a1625bacd65b78522d255e0d5ab95bdda91082bbd1ed78df3,6000,4000,Ultra-High (>=2500px),https://doi.org/10.17632/j4xs3kh3fd.2,CC BY 4.0
HERMOS-GRP-0073,"HERMOS (Özacar et al., 2024)",grape,powdery mildew,grape_powdery_mildew,experiments/field_data_19b5/grape_hermos/grape_powdery_mildew/IMG_8168.JPG,72783999bb02d2735350664c2b49157e78ae79f3a345d38219f26662555efd0c,6000,4000,Ultra-High (>=2500px),https://doi.org/10.17632/j4xs3kh3fd.2,CC BY 4.0
HERMOS-GRP-0074,"HERMOS (Özacar et al., 2024)",grape,powdery mildew,grape_powdery_mildew,experiments/field_data_19b5/grape_hermos/grape_powdery_mildew/IMG_8169.JPG,76707c4ef3b13d766669228f5276a1c32a90c815ca45a036167f089cb9edad2a,6000,4000,Ultra-High (>=2500px),https://doi.org/10.17632/j4xs3kh3fd.2,CC BY 4.0
HERMOS-GRP-0075,"HERMOS (Özacar et al., 2024)",grape,powdery mildew,grape_powdery_mildew,experiments/field_data_19b5/grape_hermos/grape_powdery_mildew/IMG_8170.JPG,e33177b9425f3a0b3d0eec9c6f5677e5973c67b9fa10ec873d1f765000a35a9b,6000,4000,Ultra-High (>=2500px),https://doi.org/10.17632/j4xs3kh3fd.2,CC BY 4.0
HERMOS-GRP-0076,"HERMOS (Özacar et al., 2024)",grape,powdery mildew,grape_powdery_mildew,experiments/field_data_19b5/grape_hermos/grape_powdery_mildew/IMG_8174.JPG,111fdb8cbaf00441633d22dedb1f22d0ad38285da49c3e8a1bd870686de7adad,6000,4000,Ultra-High (>=2500px),https://doi.org/10.17632/j4xs3kh3fd.2,CC BY 4.0
HERMOS-GRP-0077,"HERMOS (Özacar et al., 2024)",grape,powdery mildew,grape_powdery_mildew,experiments/field_data_19b5/grape_hermos/grape_powdery_mildew/IMG_8175.JPG,a3b4ca76bd24a5e21e48575c7f599befdfa0160a7601e06fea30b87013f18353,6000,4000,Ultra-High (>=2500px),https://doi.org/10.17632/j4xs3kh3fd.2,CC BY 4.0
HERMOS-GRP-0078,"HERMOS (Özacar et al., 2024)",grape,powdery mildew,grape_powdery_mildew,experiments/field_data_19b5/grape_hermos/grape_powdery_mildew/IMG_8176.JPG,87f53e9d98564fd8e0802f6c371f51bc74cd7f913722c160aaf3d596051c992c,6000,4000,Ultra-High (>=2500px),https://doi.org/10.17632/j4xs3kh3fd.2,CC BY 4.0
HERMOS-GRP-0079,"HERMOS (Özacar et al., 2024)",grape,powdery mildew,grape_powdery_mildew,experiments/field_data_19b5/grape_hermos/grape_powdery_mildew/IMG_8178.JPG,9c30e8e11b050c802cc2c4f9672691f4791d0c9fd874e1d74f8cde2e6b95690f,6000,4000,Ultra-High (>=2500px),https://doi.org/10.17632/j4xs3kh3fd.2,CC BY 4.0
HERMOS-GRP-0080,"HERMOS (Özacar et al., 2024)",grape,powdery mildew,grape_powdery_mildew,experiments/field_data_19b5/grape_hermos/grape_powdery_mildew/IMG_8179.JPG,000beb3eac3356773e8ae9e966f9a7b45a3b8566b1c333f986df4e141d3d35c6,6000,4000,Ultra-High (>=2500px),https://doi.org/10.17632/j4xs3kh3fd.2,CC BY 4.0
HERMOS-GRP-0081,"HERMOS (Özacar et al., 2024)",grape,powdery mildew,grape_powdery_mildew,experiments/field_data_19b5/grape_hermos/grape_powdery_mildew/IMG_8180.JPG,1298ddbb089b46a426a098f2d87ff772452db89ec28bef75fe53b4064c04375b,6000,4000,Ultra-High (>=2500px),https://doi.org/10.17632/j4xs3kh3fd.2,CC BY 4.0
HERMOS-GRP-0082,"HERMOS (Özacar et al., 2024)",grape,powdery mildew,grape_powdery_mildew,experiments/field_data_19b5/grape_hermos/grape_powdery_mildew/IMG_8181.JPG,9a9d62c85e41649891e7bbddb5091f021174c7ae6531ec1dfe15146e5ad9fdc4,6000,4000,Ultra-High (>=2500px),https://doi.org/10.17632/j4xs3kh3fd.2,CC BY 4.0
HERMOS-GRP-0083,"HERMOS (Özacar et al., 2024)",grape,powdery mildew,grape_powdery_mildew,experiments/field_data_19b5/grape_hermos/grape_powdery_mildew/IMG_8182.JPG,8a232fbceddd851e56e71978531ed86c19980561b6ff7941f2e9d1ad078d25d5,6000,4000,Ultra-High (>=2500px),https://doi.org/10.17632/j4xs3kh3fd.2,CC BY 4.0
HERMOS-GRP-0084,"HERMOS (Özacar et al., 2024)",grape,powdery mildew,grape_powdery_mildew,experiments/field_data_19b5/grape_hermos/grape_powdery_mildew/IMG_8183.JPG,b13ad5db1a1d850383b4b6ea1d3b7868d297235d17774bd64841904dccb2c459,6000,4000,Ultra-High (>=2500px),https://doi.org/10.17632/j4xs3kh3fd.2,CC BY 4.0
HERMOS-GRP-0085,"HERMOS (Özacar et al., 2024)",grape,powdery mildew,grape_powdery_mildew,experiments/field_data_19b5/grape_hermos/grape_powdery_mildew/IMG_8187.JPG,0e74718e7078ea240dd8004fe3084a8584eceaeccaf763c38a86f742f97e4bb4,6000,4000,Ultra-High (>=2500px),https://doi.org/10.17632/j4xs3kh3fd.2,CC BY 4.0
HERMOS-GRP-0086,"HERMOS (Özacar et al., 2024)",grape,powdery mildew,grape_powdery_mildew,experiments/field_data_19b5/grape_hermos/grape_powdery_mildew/IMG_8188.JPG,1d06e60a06b7066d2be2124760a8e1d1a77047b214b336d74c9c6e9dca7fb136,6000,4000,Ultra-High (>=2500px),https://doi.org/10.17632/j4xs3kh3fd.2,CC BY 4.0
HERMOS-GRP-0087,"HERMOS (Özacar et al., 2024)",grape,powdery mildew,grape_powdery_mildew,experiments/field_data_19b5/grape_hermos/grape_powdery_mildew/IMG_8195.JPG,48238acc2268563089f4170db0947f7c5993160ae6af77df22341537c95b6a7e,6000,4000,Ultra-High (>=2500px),https://doi.org/10.17632/j4xs3kh3fd.2,CC BY 4.0
HERMOS-GRP-0088,"HERMOS (Özacar et al., 2024)",grape,powdery mildew,grape_powdery_mildew,experiments/field_data_19b5/grape_hermos/grape_powdery_mildew/IMG_8197.JPG,bbb283eceaa49dde9020a4b31947c54326838588e68a45a498fa80d2dfd49bdf,6000,4000,Ultra-High (>=2500px),https://doi.org/10.17632/j4xs3kh3fd.2,CC BY 4.0
HERMOS-GRP-0089,"HERMOS (Özacar et al., 2024)",grape,powdery mildew,grape_powdery_mildew,experiments/field_data_19b5/grape_hermos/grape_powdery_mildew/IMG_8198.JPG,9229fba7d564e8167dcc1868cfce2325563b12376257259ac89f3eed987359fb,6000,4000,Ultra-High (>=2500px),https://doi.org/10.17632/j4xs3kh3fd.2,CC BY 4.0
HERMOS-GRP-0090,"HERMOS (Özacar et al., 2024)",grape,powdery mildew,grape_powdery_mildew,experiments/field_data_19b5/grape_hermos/grape_powdery_mildew/IMG_8199.JPG,f16d099c6f3575744865a628dacd4b66667efb71ddece51c6e0e7612fac59c81,6000,4000,Ultra-High (>=2500px),https://doi.org/10.17632/j4xs3kh3fd.2,CC BY 4.0
HERMOS-GRP-0091,"HERMOS (Özacar et al., 2024)",grape,powdery mildew,grape_powdery_mildew,experiments/field_data_19b5/grape_hermos/grape_powdery_mildew/IMG_8201.JPG,5fa64da33e8ee0510fbfa2b9bf0aff97cdaa3ce7912f48fb1b7ba57c2739bf3c,6000,4000,Ultra-High (>=2500px),https://doi.org/10.17632/j4xs3kh3fd.2,CC BY 4.0
HERMOS-GRP-0092,"HERMOS (Özacar et al., 2024)",grape,powdery mildew,grape_powdery_mildew,experiments/field_data_19b5/grape_hermos/grape_powdery_mildew/IMG_8203.JPG,a8d9462ff3c153aed8ee1b3dd15435a3861194b88e4eff25a4da97e9008c288f,6000,4000,Ultra-High (>=2500px),https://doi.org/10.17632/j4xs3kh3fd.2,CC BY 4.0
HERMOS-GRP-0093,"HERMOS (Özacar et al., 2024)",grape,powdery mildew,grape_powdery_mildew,experiments/field_data_19b5/grape_hermos/grape_powdery_mildew/IMG_8215.JPG,79972ae532c50da51b9848370dbd164132c40ae66004a6ccda3c7469f012b6c1,6000,4000,Ultra-High (>=2500px),https://doi.org/10.17632/j4xs3kh3fd.2,CC BY 4.0
HERMOS-GRP-0094,"HERMOS (Özacar et al., 2024)",grape,powdery mildew,grape_powdery_mildew,experiments/field_data_19b5/grape_hermos/grape_powdery_mildew/IMG_8216.JPG,b716a45242537867f39790f60ec9b1c7611937ad3651dd5f9d62641ab4e26812,6000,4000,Ultra-High (>=2500px),https://doi.org/10.17632/j4xs3kh3fd.2,CC BY 4.0
HERMOS-GRP-0095,"HERMOS (Özacar et al., 2024)",grape,powdery mildew,grape_powdery_mildew,experiments/field_data_19b5/grape_hermos/grape_powdery_mildew/IMG_8228.JPG,014f884e18da25e129eef1b11c863ffc9e3a2a9d1084d2d8d7531a38207c9f4a,6000,4000,Ultra-High (>=2500px),https://doi.org/10.17632/j4xs3kh3fd.2,CC BY 4.0
HERMOS-GRP-0096,"HERMOS (Özacar et al., 2024)",grape,powdery mildew,grape_powdery_mildew,experiments/field_data_19b5/grape_hermos/grape_powdery_mildew/IMG_8232.JPG,c4cbb7f01ce6429a73845cf74a2ee6354a5f3ffbf68c79d57f37b26c73c3dc91,6000,4000,Ultra-High (>=2500px),https://doi.org/10.17632/j4xs3kh3fd.2,CC BY 4.0
HERMOS-GRP-0097,"HERMOS (Özacar et al., 2024)",grape,powdery mildew,grape_powdery_mildew,experiments/field_data_19b5/grape_hermos/grape_powdery_mildew/IMG_8235.JPG,fd9fa9696b5ada2b6d38466a2834d7b3ba6e8bd19e050f4b4ef9edb6ac47d2b1,6000,4000,Ultra-High (>=2500px),https://doi.org/10.17632/j4xs3kh3fd.2,CC BY 4.0
HERMOS-GRP-0098,"HERMOS (Özacar et al., 2024)",grape,powdery mildew,grape_powdery_mildew,experiments/field_data_19b5/grape_hermos/grape_powdery_mildew/IMG_8249.JPG,66775a72b2b67bbbc78692fa35274da83fbd2fd80acb14030520107f1f4f405b,6000,4000,Ultra-High (>=2500px),https://doi.org/10.17632/j4xs3kh3fd.2,CC BY 4.0
HERMOS-GRP-0099,"HERMOS (Özacar et al., 2024)",grape,powdery mildew,grape_powdery_mildew,experiments/field_data_19b5/grape_hermos/grape_powdery_mildew/IMG_8250.JPG,ae6c1b06721526c9e26b527c39eefd4c7735def6ece3ba187a5e11b1bdfdb35c,6000,4000,Ultra-High (>=2500px),https://doi.org/10.17632/j4xs3kh3fd.2,CC BY 4.0
HERMOS-GRP-0100,"HERMOS (Özacar et al., 2024)",grape,powdery mildew,grape_powdery_mildew,experiments/field_data_19b5/grape_hermos/grape_powdery_mildew/IMG_8337.JPG,83b1cb71312d8f1ccd3e98b2e9492c3f91de03e78a1410d31b5fbb8a231b30a2,6000,4000,Ultra-High (>=2500px),https://doi.org/10.17632/j4xs3kh3fd.2,CC BY 4.0
HERMOS-GRP-0101,"HERMOS (Özacar et al., 2024)",grape,powdery mildew,grape_powdery_mildew,experiments/field_data_19b5/grape_hermos/grape_powdery_mildew/IMG_8338.JPG,e82b321507948a83089d86240534db4abba8c245ba38f8f68fb8ae9e26b15bda,6000,4000,Ultra-High (>=2500px),https://doi.org/10.17632/j4xs3kh3fd.2,CC BY 4.0
HERMOS-GRP-0102,"HERMOS (Özacar et al., 2024)",grape,powdery mildew,grape_powdery_mildew,experiments/field_data_19b5/grape_hermos/grape_powdery_mildew/IMG_8339.JPG,bb5cde8bfcfe70f73992f9f5846bfe740bba4c41d2828fbde5a7308a6e2da06e,6000,4000,Ultra-High (>=2500px),https://doi.org/10.17632/j4xs3kh3fd.2,CC BY 4.0
HERMOS-GRP-0103,"HERMOS (Özacar et al., 2024)",grape,powdery mildew,grape_powdery_mildew,experiments/field_data_19b5/grape_hermos/grape_powdery_mildew/IMG_8359.JPG,d43d545784af53285f2153cf301228d8f2be100b66c6950d9dba164bce275bfc,6000,4000,Ultra-High (>=2500px),https://doi.org/10.17632/j4xs3kh3fd.2,CC BY 4.0
HERMOS-GRP-0104,"HERMOS (Özacar et al., 2024)",grape,powdery mildew,grape_powdery_mildew,experiments/field_data_19b5/grape_hermos/grape_powdery_mildew/IMG_8367.JPG,b52298a212c6e83fd65bc45c35a2804ee224d781cafc4d83d3a8621ce7e8e5fc,6000,4000,Ultra-High (>=2500px),https://doi.org/10.17632/j4xs3kh3fd.2,CC BY 4.0
HERMOS-GRP-0105,"HERMOS (Özacar et al., 2024)",grape,powdery mildew,grape_powdery_mildew,experiments/field_data_19b5/grape_hermos/grape_powdery_mildew/IMG_8368.JPG,31b5ffc51b3ed4496c7ac12c3db70677be0b9eaf854dbbe87191ae6eb628e98e,6000,4000,Ultra-High (>=2500px),https://doi.org/10.17632/j4xs3kh3fd.2,CC BY 4.0
HERMOS-GRP-0106,"HERMOS (Özacar et al., 2024)",grape,powdery mildew,grape_powdery_mildew,experiments/field_data_19b5/grape_hermos/grape_powdery_mildew/IMG_8370.JPG,4a69b4f7103966bd236cc6cf2a4b151b1cb747ea4f35ced13c1f52e051d53e3c,6000,4000,Ultra-High (>=2500px),https://doi.org/10.17632/j4xs3kh3fd.2,CC BY 4.0
HERMOS-GRP-0107,"HERMOS (Özacar et al., 2024)",grape,powdery mildew,grape_powdery_mildew,experiments/field_data_19b5/grape_hermos/grape_powdery_mildew/IMG_8488.JPG,9f700f4702f384eed644a0ea56f2c2b7aa5de65664c1b41b5221ed0dd6a93334,6000,4000,Ultra-High (>=2500px),https://doi.org/10.17632/j4xs3kh3fd.2,CC BY 4.0
HERMOS-GRP-0108,"HERMOS (Özacar et al., 2024)",grape,powdery mildew,grape_powdery_mildew,experiments/field_data_19b5/grape_hermos/grape_powdery_mildew/IMG_8489.JPG,94d1871624e9ea0d48a43492e3d6996e4b846c2f2c64c61e066bf4467a00af59,6000,4000,Ultra-High (>=2500px),https://doi.org/10.17632/j4xs3kh3fd.2,CC BY 4.0
HERMOS-GRP-0109,"HERMOS (Özacar et al., 2024)",grape,powdery mildew,grape_powdery_mildew,experiments/field_data_19b5/grape_hermos/grape_powdery_mildew/IMG_8490.JPG,7e5b4afbe51a905832fcd5e9a560258c3152c5675204b93e5085efb8aca389f6,6000,4000,Ultra-High (>=2500px),https://doi.org/10.17632/j4xs3kh3fd.2,CC BY 4.0
HERMOS-GRP-0110,"HERMOS (Özacar et al., 2024)",grape,powdery mildew,grape_powdery_mildew,experiments/field_data_19b5/grape_hermos/grape_powdery_mildew/IMG_8491.JPG,6ce8ec941b2edb449608aef402f14bdab09d6480e771184f362d9e8cb3394c01,6000,4000,Ultra-High (>=2500px),https://doi.org/10.17632/j4xs3kh3fd.2,CC BY 4.0
HERMOS-GRP-0111,"HERMOS (Özacar et al., 2024)",grape,powdery mildew,grape_powdery_mildew,experiments/field_data_19b5/grape_hermos/grape_powdery_mildew/IMG_8513.JPG,c17fdf8145d09ec6fc5f99a49f054020b10190f53533d2f192d3e31d6baf8395,6000,4000,Ultra-High (>=2500px),https://doi.org/10.17632/j4xs3kh3fd.2,CC BY 4.0
HERMOS-GRP-0112,"HERMOS (Özacar et al., 2024)",grape,powdery mildew,grape_powdery_mildew,experiments/field_data_19b5/grape_hermos/grape_powdery_mildew/IMG_8514.JPG,96a60d4bdbe4a92f4b9c9506d52cc0642596774d91bc1c8c35ab14a1ab3f7375,6000,4000,Ultra-High (>=2500px),https://doi.org/10.17632/j4xs3kh3fd.2,CC BY 4.0
HERMOS-GRP-0113,"HERMOS (Özacar et al., 2024)",grape,powdery mildew,grape_powdery_mildew,experiments/field_data_19b5/grape_hermos/grape_powdery_mildew/IMG_8515.JPG,6063f59004b4504f039016d7908b6835037b9e7441aa55c7258e503e44afc5d7,6000,4000,Ultra-High (>=2500px),https://doi.org/10.17632/j4xs3kh3fd.2,CC BY 4.0
HERMOS-GRP-0114,"HERMOS (Özacar et al., 2024)",grape,powdery mildew,grape_powdery_mildew,experiments/field_data_19b5/grape_hermos/grape_powdery_mildew/IMG_8516.JPG,b81d864aa5232a2dea04c40953d87a92bea983c12a0eaee1c5855d7bf9b8543c,6000,4000,Ultra-High (>=2500px),https://doi.org/10.17632/j4xs3kh3fd.2,CC BY 4.0
HERMOS-GRP-0115,"HERMOS (Özacar et al., 2024)",grape,powdery mildew,grape_powdery_mildew,experiments/field_data_19b5/grape_hermos/grape_powdery_mildew/IMG_8517.JPG,18f2c1f3dd2987b73fc0960b6696e57433cd5d7952cdb6212fc02d54a644d7be,6000,4000,Ultra-High (>=2500px),https://doi.org/10.17632/j4xs3kh3fd.2,CC BY 4.0
HERMOS-GRP-0116,"HERMOS (Özacar et al., 2024)",grape,powdery mildew,grape_powdery_mildew,experiments/field_data_19b5/grape_hermos/grape_powdery_mildew/IMG_8518.JPG,b38e94b4608064e01e2914033f5851a8fba73420449c0208ad739ef207dcb6f1,6000,4000,Ultra-High (>=2500px),https://doi.org/10.17632/j4xs3kh3fd.2,CC BY 4.0
HERMOS-GRP-0117,"HERMOS (Özacar et al., 2024)",grape,downy mildew,grape_downy_mildew,experiments/field_data_19b5/grape_hermos/grape_downy_mildew/IMG_8800.jpg,0918d8be2346f63182a38f44ac359c462c1394ee2874b32c0160117119b2d02f,5312,2988,Ultra-High (>=2500px),https://doi.org/10.17632/j4xs3kh3fd.2,CC BY 4.0
HERMOS-GRP-0118,"HERMOS (Özacar et al., 2024)",grape,downy mildew,grape_downy_mildew,experiments/field_data_19b5/grape_hermos/grape_downy_mildew/IMG_8801.jpg,c17f4634112759ecf20c107127cc5ba1287e9d11440a81d0728d7052cbf1d2a4,5312,2988,Ultra-High (>=2500px),https://doi.org/10.17632/j4xs3kh3fd.2,CC BY 4.0
HERMOS-GRP-0119,"HERMOS (Özacar et al., 2024)",grape,downy mildew,grape_downy_mildew,experiments/field_data_19b5/grape_hermos/grape_downy_mildew/IMG_8802.jpg,9c931b5cd50aee59e318a660dbe6cc59a27f71a21cb9a4d44f89dabd6e7b8b19,5312,2988,Ultra-High (>=2500px),https://doi.org/10.17632/j4xs3kh3fd.2,CC BY 4.0
HERMOS-GRP-0120,"HERMOS (Özacar et al., 2024)",grape,downy mildew,grape_downy_mildew,experiments/field_data_19b5/grape_hermos/grape_downy_mildew/IMG_8803.jpg,330bd95a592dc4b0da3546215b2a8c3a1a297ea5ebb3219876d789e3296be51b,5312,2988,Ultra-High (>=2500px),https://doi.org/10.17632/j4xs3kh3fd.2,CC BY 4.0
HERMOS-GRP-0121,"HERMOS (Özacar et al., 2024)",grape,downy mildew,grape_downy_mildew,experiments/field_data_19b5/grape_hermos/grape_downy_mildew/IMG_8805.jpg,fd67b6adbc967c964b9f3e902acf9824f5bd72e5b8ae8ff1735bc482264eb85a,1280,960,High (1200-2499px),https://doi.org/10.17632/j4xs3kh3fd.2,CC BY 4.0
HERMOS-GRP-0122,"HERMOS (Özacar et al., 2024)",grape,downy mildew,grape_downy_mildew,experiments/field_data_19b5/grape_hermos/grape_downy_mildew/IMG_8806.jpg,c36257198fff1b532d4e88ae76233f7f350cf13d1352451f21c6c6e5c460c857,1280,960,High (1200-2499px),https://doi.org/10.17632/j4xs3kh3fd.2,CC BY 4.0
HERMOS-GRP-0123,"HERMOS (Özacar et al., 2024)",grape,downy mildew,grape_downy_mildew,experiments/field_data_19b5/grape_hermos/grape_downy_mildew/IMG_8809.JPG,dc51c5af949a7dbd90274d05d0bbba92af9f7c615177265bd663a36f8973f513,720,960,Medium (500-1199px),https://doi.org/10.17632/j4xs3kh3fd.2,CC BY 4.0
HERMOS-GRP-0124,"HERMOS (Özacar et al., 2024)",grape,downy mildew,grape_downy_mildew,experiments/field_data_19b5/grape_hermos/grape_downy_mildew/IMG_8810.JPG,5f61939a4fb83f693ede53f3b854c587cfaed9c24e73fc7dbecc1ea4edcb5419,720,960,Medium (500-1199px),https://doi.org/10.17632/j4xs3kh3fd.2,CC BY 4.0
HERMOS-GRP-0125,"HERMOS (Özacar et al., 2024)",grape,downy mildew,grape_downy_mildew,experiments/field_data_19b5/grape_hermos/grape_downy_mildew/IMG_8811.JPG,86a9fc0061d81bc3390bc17f0c6599263a06f2f8e5d5fed7e158812fa33ae636,720,960,Medium (500-1199px),https://doi.org/10.17632/j4xs3kh3fd.2,CC BY 4.0
HERMOS-GRP-0126,"HERMOS (Özacar et al., 2024)",grape,downy mildew,grape_downy_mildew,experiments/field_data_19b5/grape_hermos/grape_downy_mildew/IMG_8812.JPG,b64486c1c646311708fb8768cbc40fe76dabf0380bd098727e0a55b4c70e0d59,2592,1936,Ultra-High (>=2500px),https://doi.org/10.17632/j4xs3kh3fd.2,CC BY 4.0
HERMOS-GRP-0127,"HERMOS (Özacar et al., 2024)",grape,downy mildew,grape_downy_mildew,experiments/field_data_19b5/grape_hermos/grape_downy_mildew/IMG_8813.JPG,4e2ff5d2002eaea4301edf68908032aacba6127458501cbdfa8e336c52214d26,2592,1936,Ultra-High (>=2500px),https://doi.org/10.17632/j4xs3kh3fd.2,CC BY 4.0
HERMOS-GRP-0128,"HERMOS (Özacar et al., 2024)",grape,downy mildew,grape_downy_mildew,experiments/field_data_19b5/grape_hermos/grape_downy_mildew/IMG_8814.JPG,6d305f7e738ef272966f9609ea9255fde05803b786ca766a70f88c54f5757bcf,2592,1936,Ultra-High (>=2500px),https://doi.org/10.17632/j4xs3kh3fd.2,CC BY 4.0
HERMOS-GRP-0129,"HERMOS (Özacar et al., 2024)",grape,downy mildew,grape_downy_mildew,experiments/field_data_19b5/grape_hermos/grape_downy_mildew/IMG_8815.JPG,f70b16e81544ebfe033820fb6a9014850fcd3fbf91ea1a745abb1183fb40791a,2592,1936,Ultra-High (>=2500px),https://doi.org/10.17632/j4xs3kh3fd.2,CC BY 4.0
HERMOS-GRP-0130,"HERMOS (Özacar et al., 2024)",grape,downy mildew,grape_downy_mildew,experiments/field_data_19b5/grape_hermos/grape_downy_mildew/IMG_8816.JPG,9fe914013ad89c201a3f14bd239d5d3eec3b206f273bf25f9166ec3a93c2d524,2592,1936,Ultra-High (>=2500px),https://doi.org/10.17632/j4xs3kh3fd.2,CC BY 4.0
HERMOS-GRP-0131,"HERMOS (Özacar et al., 2024)",grape,downy mildew,grape_downy_mildew,experiments/field_data_19b5/grape_hermos/grape_downy_mildew/IMG_8817.JPG,798b4e7d16fbe1a6b5644155504fa3d8dd0d237b5cf3a5382c1ec305aa852775,2592,1936,Ultra-High (>=2500px),https://doi.org/10.17632/j4xs3kh3fd.2,CC BY 4.0
HERMOS-GRP-0132,"HERMOS (Özacar et al., 2024)",grape,downy mildew,grape_downy_mildew,experiments/field_data_19b5/grape_hermos/grape_downy_mildew/IMG_8818.JPG,4b441d73e8db0adcc6e109202a5cad4314fdfe3ab606c4b8bd4d8b7859759adb,3264,2448,Ultra-High (>=2500px),https://doi.org/10.17632/j4xs3kh3fd.2,CC BY 4.0
HERMOS-GRP-0133,"HERMOS (Özacar et al., 2024)",grape,downy mildew,grape_downy_mildew,experiments/field_data_19b5/grape_hermos/grape_downy_mildew/IMG_8819.JPG,0f1cab2bafb8651da7254de7ac95284d5a2d37157c3be45e8814fd140ccbe9d1,3264,2448,Ultra-High (>=2500px),https://doi.org/10.17632/j4xs3kh3fd.2,CC BY 4.0
HERMOS-GRP-0134,"HERMOS (Özacar et al., 2024)",grape,downy mildew,grape_downy_mildew,experiments/field_data_19b5/grape_hermos/grape_downy_mildew/IMG_8822.JPG,0b7e9bf3ea0f84410d620b8be50efcba5aedb72013f1b969b0ca745d82c9400a,1936,2592,Ultra-High (>=2500px),https://doi.org/10.17632/j4xs3kh3fd.2,CC BY 4.0
HERMOS-GRP-0135,"HERMOS (Özacar et al., 2024)",grape,downy mildew,grape_downy_mildew,experiments/field_data_19b5/grape_hermos/grape_downy_mildew/IMG_8823.JPG,2b2d28a53aecdde7c97bd5ec37720fadaf5511a010d9fdc9b53452913e933df1,1936,2592,Ultra-High (>=2500px),https://doi.org/10.17632/j4xs3kh3fd.2,CC BY 4.0
HERMOS-GRP-0136,"HERMOS (Özacar et al., 2024)",grape,downy mildew,grape_downy_mildew,experiments/field_data_19b5/grape_hermos/grape_downy_mildew/IMG_8824.JPG,8bcd13278c2061bbaeaf8376bdede34d642b50c6906c2f2df7c90689b2e82001,1936,2592,Ultra-High (>=2500px),https://doi.org/10.17632/j4xs3kh3fd.2,CC BY 4.0
HERMOS-GRP-0137,"HERMOS (Özacar et al., 2024)",grape,downy mildew,grape_downy_mildew,experiments/field_data_19b5/grape_hermos/grape_downy_mildew/IMG_8825.JPG,11d0f66f289c43ca2e79cd53c361e6a39336f2978da0904bc4fd93fa5210f26d,1936,2592,Ultra-High (>=2500px),https://doi.org/10.17632/j4xs3kh3fd.2,CC BY 4.0
HERMOS-GRP-0138,"HERMOS (Özacar et al., 2024)",grape,downy mildew,grape_downy_mildew,experiments/field_data_19b5/grape_hermos/grape_downy_mildew/IMG_8826.JPG,b5e860749d8b519f22ccc47f508d5b8cc53f88fa28b2315a509bf325ddd40bd9,1936,2592,Ultra-High (>=2500px),https://doi.org/10.17632/j4xs3kh3fd.2,CC BY 4.0
HERMOS-GRP-0139,"HERMOS (Özacar et al., 2024)",grape,downy mildew,grape_downy_mildew,experiments/field_data_19b5/grape_hermos/grape_downy_mildew/IMG_8827.JPG,211713c7b765f3ae7f55ee8de1095aab70295d2ca72e3f5e6435778de189f96b,1936,2592,Ultra-High (>=2500px),https://doi.org/10.17632/j4xs3kh3fd.2,CC BY 4.0
HERMOS-GRP-0140,"HERMOS (Özacar et al., 2024)",grape,downy mildew,grape_downy_mildew,experiments/field_data_19b5/grape_hermos/grape_downy_mildew/IMG_8828.JPG,d12d267cf98e8cc71cad51b63675f224a581595fbd29929beedff5e1beccb704,1936,2592,Ultra-High (>=2500px),https://doi.org/10.17632/j4xs3kh3fd.2,CC BY 4.0
HERMOS-GRP-0141,"HERMOS (Özacar et al., 2024)",grape,downy mildew,grape_downy_mildew,experiments/field_data_19b5/grape_hermos/grape_downy_mildew/IMG_8829.JPG,19116211f427b40e31f16a67fab223b479c598c4cf698c2a2cd1816f29fb46f5,600,800,Medium (500-1199px),https://doi.org/10.17632/j4xs3kh3fd.2,CC BY 4.0
HERMOS-GRP-0142,"HERMOS (Özacar et al., 2024)",grape,downy mildew,grape_downy_mildew,experiments/field_data_19b5/grape_hermos/grape_downy_mildew/IMG_8838.JPG,524ec69d3b921846f09febebc9be8eac60ca5c76c2520caba4ff60feee4974b4,1600,1200,High (1200-2499px),https://doi.org/10.17632/j4xs3kh3fd.2,CC BY 4.0
HERMOS-GRP-0143,"HERMOS (Özacar et al., 2024)",grape,downy mildew,grape_downy_mildew,experiments/field_data_19b5/grape_hermos/grape_downy_mildew/IMG_8839.JPG,71106c7dcb05478fa14a688c3d52cbb04331278c8f3a394641e5e1125e9cd0c1,1600,1200,High (1200-2499px),https://doi.org/10.17632/j4xs3kh3fd.2,CC BY 4.0
HERMOS-GRP-0144,"HERMOS (Özacar et al., 2024)",grape,downy mildew,grape_downy_mildew,experiments/field_data_19b5/grape_hermos/grape_downy_mildew/IMG_8840.JPG,5642423228abe35f9778cfd482609a2b130bdb16a4c9725db0d69dbb513506f6,1600,1200,High (1200-2499px),https://doi.org/10.17632/j4xs3kh3fd.2,CC BY 4.0
HERMOS-GRP-0145,"HERMOS (Özacar et al., 2024)",grape,downy mildew,grape_downy_mildew,experiments/field_data_19b5/grape_hermos/grape_downy_mildew/IMG_8841.JPG,554eb390110c2a023fb76806f7538c029fd11ec729159df6d4b2fd9d1c298c05,1600,1200,High (1200-2499px),https://doi.org/10.17632/j4xs3kh3fd.2,CC BY 4.0
HERMOS-GRP-0146,"HERMOS (Özacar et al., 2024)",grape,downy mildew,grape_downy_mildew,experiments/field_data_19b5/grape_hermos/grape_downy_mildew/IMG_8843.JPG,e854cbb2d88c55808c8957ced4af0bcc6f145d847720eead93657546a6ea5151,1600,1200,High (1200-2499px),https://doi.org/10.17632/j4xs3kh3fd.2,CC BY 4.0
HERMOS-GRP-0147,"HERMOS (Özacar et al., 2024)",grape,downy mildew,grape_downy_mildew,experiments/field_data_19b5/grape_hermos/grape_downy_mildew/IMG_8850.JPG,13f1e96e9792cc489d4e95c3b19b5681bf8587fb96cacb9f051785f0ec5de2e4,1600,1200,High (1200-2499px),https://doi.org/10.17632/j4xs3kh3fd.2,CC BY 4.0
HERMOS-GRP-0148,"HERMOS (Özacar et al., 2024)",grape,downy mildew,grape_downy_mildew,experiments/field_data_19b5/grape_hermos/grape_downy_mildew/IMG_8854.jpg,ef6be69bde858e44096a63bc2feae6149c628e99b700534655b36827d7f8ec57,687,788,Medium (500-1199px),https://doi.org/10.17632/j4xs3kh3fd.2,CC BY 4.0
HERMOS-GRP-0149,"HERMOS (Özacar et al., 2024)",grape,downy mildew,grape_downy_mildew,experiments/field_data_19b5/grape_hermos/grape_downy_mildew/IMG_8856.jpg,2adba4316d06cd97a6a7925359bf044e1de78d2d41ccf19ca2ad048e15982edc,395,710,Medium (500-1199px),https://doi.org/10.17632/j4xs3kh3fd.2,CC BY 4.0
HERMOS-GRP-0150,"HERMOS (Özacar et al., 2024)",grape,downy mildew,grape_downy_mildew,experiments/field_data_19b5/grape_hermos/grape_downy_mildew/IMG_8857.jpg,1116bc5ccebc75c04aa0cb30438ee6a05273833c74bc06166e2e568aac26f23f,673,827,Medium (500-1199px),https://doi.org/10.17632/j4xs3kh3fd.2,CC BY 4.0
HERMOS-GRP-0151,"HERMOS (Özacar et al., 2024)",grape,downy mildew,grape_downy_mildew,experiments/field_data_19b5/grape_hermos/grape_downy_mildew/IMG_8858.JPG,a9870003977ecde888000a9740c44c5ca0dfe29575cf179fc5c2cdf951903a27,1280,960,High (1200-2499px),https://doi.org/10.17632/j4xs3kh3fd.2,CC BY 4.0
HERMOS-GRP-0152,"HERMOS (Özacar et al., 2024)",grape,downy mildew,grape_downy_mildew,experiments/field_data_19b5/grape_hermos/grape_downy_mildew/IMG_8820.JPG,68b1189232df4094040560077ad8edde7ed3cc1ffa0fa7d10d0c9760fc4f1252,2592,1936,Ultra-High (>=2500px),https://doi.org/10.17632/j4xs3kh3fd.2,CC BY 4.0
HERMOS-GRP-0153,"HERMOS (Özacar et al., 2024)",grape,downy mildew,grape_downy_mildew,experiments/field_data_19b5/grape_hermos/grape_downy_mildew/IMG_8821.JPG,7d7619a6e347fdcc3abc580ecaf44b74db2dd18e4ea498b2ea95a5b34e9a32d8,2592,1936,Ultra-High (>=2500px),https://doi.org/10.17632/j4xs3kh3fd.2,CC BY 4.0
HERMOS-GRP-0154,"HERMOS (Özacar et al., 2024)",grape,downy mildew,grape_downy_mildew,experiments/field_data_19b5/grape_hermos/grape_downy_mildew/IMG_8830.JPG,e482fbc0198234810d1319340ae9b3e1530dc92de9b30c2910d39d560b2b73eb,600,800,Medium (500-1199px),https://doi.org/10.17632/j4xs3kh3fd.2,CC BY 4.0
HERMOS-GRP-0155,"HERMOS (Özacar et al., 2024)",grape,downy mildew,grape_downy_mildew,experiments/field_data_19b5/grape_hermos/grape_downy_mildew/IMG_8831.JPG,bcf23dbc0abc5afba9c896d7d199f7d3e7a161a0efbec6ad0137f8068654be37,600,800,Medium (500-1199px),https://doi.org/10.17632/j4xs3kh3fd.2,CC BY 4.0
HERMOS-GRP-0156,"HERMOS (Özacar et al., 2024)",grape,downy mildew,grape_downy_mildew,experiments/field_data_19b5/grape_hermos/grape_downy_mildew/IMG_8832.JPG,8cd058b9a4b644ca8ec10c206615d5d6b3d4d6d085e5398e398d316fd21297ea,600,800,Medium (500-1199px),https://doi.org/10.17632/j4xs3kh3fd.2,CC BY 4.0
HERMOS-GRP-0158,"HERMOS (Özacar et al., 2024)",grape,downy mildew,grape_downy_mildew,experiments/field_data_19b5/grape_hermos/grape_downy_mildew/IMG_8835.JPG,2567d3b91e2aa50df584efa09d0f3fc66530402884d0e7c1f795d4f825b80373,600,800,Medium (500-1199px),https://doi.org/10.17632/j4xs3kh3fd.2,CC BY 4.0
HERMOS-GRP-0159,"HERMOS (Özacar et al., 2024)",grape,downy mildew,grape_downy_mildew,experiments/field_data_19b5/grape_hermos/grape_downy_mildew/IMG_8836.JPG,0665668f444a929ddbfcfb7ba7985eaf160e1cf0cd151493f9b7680206a0cdc2,1600,1200,High (1200-2499px),https://doi.org/10.17632/j4xs3kh3fd.2,CC BY 4.0
HERMOS-GRP-0160,"HERMOS (Özacar et al., 2024)",grape,downy mildew,grape_downy_mildew,experiments/field_data_19b5/grape_hermos/grape_downy_mildew/IMG_8844.JPG,13a4b5e103dd70069b2472d55f4aecd7cad6b639d868657f4b1d42d7b1b587e6,1600,1200,High (1200-2499px),https://doi.org/10.17632/j4xs3kh3fd.2,CC BY 4.0
HERMOS-GRP-0161,"HERMOS (Özacar et al., 2024)",grape,downy mildew,grape_downy_mildew,experiments/field_data_19b5/grape_hermos/grape_downy_mildew/IMG_8845.JPG,83587922bb7f726a68205a2254b0a5b7d5a1d31a47b9136fdcfde086f853c0cc,1600,1200,High (1200-2499px),https://doi.org/10.17632/j4xs3kh3fd.2,CC BY 4.0
HERMOS-GRP-0162,"HERMOS (Özacar et al., 2024)",grape,healthy leaves,grape_healthy,experiments/field_data_19b5/grape_hermos/grape_healthy/IMG_8206.JPG,fef03261cadd0d2e4b86f09f730593de9743f9951d088bfaedcf87fa25a00421,6000,4000,Ultra-High (>=2500px),https://doi.org/10.17632/j4xs3kh3fd.2,CC BY 4.0
HERMOS-GRP-0163,"HERMOS (Özacar et al., 2024)",grape,healthy leaves,grape_healthy,experiments/field_data_19b5/grape_hermos/grape_healthy/IMG_8208.JPG,6af1b987b0f21e24fbbbf75cde60e3d246b673fe00eda4d51822c8312904eaf2,6000,4000,Ultra-High (>=2500px),https://doi.org/10.17632/j4xs3kh3fd.2,CC BY 4.0
HERMOS-GRP-0164,"HERMOS (Özacar et al., 2024)",grape,healthy leaves,grape_healthy,experiments/field_data_19b5/grape_hermos/grape_healthy/IMG_8209.JPG,401d028637d386cf8c20ac61690e06119273633dc418b1a8be53c921fe0f7f80,6000,4000,Ultra-High (>=2500px),https://doi.org/10.17632/j4xs3kh3fd.2,CC BY 4.0
HERMOS-GRP-0165,"HERMOS (Özacar et al., 2024)",grape,healthy leaves,grape_healthy,experiments/field_data_19b5/grape_hermos/grape_healthy/IMG_8210.JPG,809387c729b74bd41e0f298e934a9b5da196920994432deb19524af284310c98,6000,4000,Ultra-High (>=2500px),https://doi.org/10.17632/j4xs3kh3fd.2,CC BY 4.0
HERMOS-GRP-0166,"HERMOS (Özacar et al., 2024)",grape,healthy leaves,grape_healthy,experiments/field_data_19b5/grape_hermos/grape_healthy/IMG_8211.JPG,dbbd9679fde351b44ac84a20a8acb13b94468f3db07a3f1e3dbcf2b5a1ea511e,6000,4000,Ultra-High (>=2500px),https://doi.org/10.17632/j4xs3kh3fd.2,CC BY 4.0
HERMOS-GRP-0167,"HERMOS (Özacar et al., 2024)",grape,healthy leaves,grape_healthy,experiments/field_data_19b5/grape_hermos/grape_healthy/IMG_8219.JPG,391b735fe68220192715fbc964b09a8f6c625e066d7a43131585f51eeccc2fa7,6000,4000,Ultra-High (>=2500px),https://doi.org/10.17632/j4xs3kh3fd.2,CC BY 4.0
HERMOS-GRP-0168,"HERMOS (Özacar et al., 2024)",grape,healthy leaves,grape_healthy,experiments/field_data_19b5/grape_hermos/grape_healthy/IMG_8220.JPG,bfb532d0836767c9e69e333de76c9675b66419c2295e667d253b847a18d55b90,6000,4000,Ultra-High (>=2500px),https://doi.org/10.17632/j4xs3kh3fd.2,CC BY 4.0
HERMOS-GRP-0169,"HERMOS (Özacar et al., 2024)",grape,healthy leaves,grape_healthy,experiments/field_data_19b5/grape_hermos/grape_healthy/IMG_8227.JPG,1bcd30e07f2feeb4ecf6964d72a986ac14562d3ecb09249e36f65aed9bef8114,6000,4000,Ultra-High (>=2500px),https://doi.org/10.17632/j4xs3kh3fd.2,CC BY 4.0
HERMOS-GRP-0170,"HERMOS (Özacar et al., 2024)",grape,healthy leaves,grape_healthy,experiments/field_data_19b5/grape_hermos/grape_healthy/IMG_8286.JPG,5d91cb371fc9f6ef40d48001387bf8a2bace825b62833549a208dc6b54026652,6000,4000,Ultra-High (>=2500px),https://doi.org/10.17632/j4xs3kh3fd.2,CC BY 4.0
HERMOS-GRP-0171,"HERMOS (Özacar et al., 2024)",grape,healthy leaves,grape_healthy,experiments/field_data_19b5/grape_hermos/grape_healthy/IMG_8287.JPG,5563e5f09bc495013d5523cc24bc7b3379c67f28517c5a97df405299e83b676c,6000,4000,Ultra-High (>=2500px),https://doi.org/10.17632/j4xs3kh3fd.2,CC BY 4.0
HERMOS-GRP-0172,"HERMOS (Özacar et al., 2024)",grape,healthy leaves,grape_healthy,experiments/field_data_19b5/grape_hermos/grape_healthy/IMG_8288.JPG,7714e636130a82b1200750c8631bd31e0e01e6f4de56ba1fde4ea9178dcd62ec,6000,4000,Ultra-High (>=2500px),https://doi.org/10.17632/j4xs3kh3fd.2,CC BY 4.0
HERMOS-GRP-0173,"HERMOS (Özacar et al., 2024)",grape,healthy leaves,grape_healthy,experiments/field_data_19b5/grape_hermos/grape_healthy/IMG_8292.JPG,dc9ad77910642282c4c9686c47fda4fed9d184d71e2aff5246664c0fe0e39fe1,6000,4000,Ultra-High (>=2500px),https://doi.org/10.17632/j4xs3kh3fd.2,CC BY 4.0
HERMOS-GRP-0174,"HERMOS (Özacar et al., 2024)",grape,healthy leaves,grape_healthy,experiments/field_data_19b5/grape_hermos/grape_healthy/IMG_8332.JPG,02b8dc78227d9124d74d04698a8467ef40553fc43cfc52e88fd759c8d0e76dc7,6000,4000,Ultra-High (>=2500px),https://doi.org/10.17632/j4xs3kh3fd.2,CC BY 4.0
HERMOS-GRP-0175,"HERMOS (Özacar et al., 2024)",grape,healthy leaves,grape_healthy,experiments/field_data_19b5/grape_hermos/grape_healthy/IMG_8333.JPG,dfca686d8b501d841e5f8841677cd6dfc7511bcd8f6439245eb208a30296fd38,6000,4000,Ultra-High (>=2500px),https://doi.org/10.17632/j4xs3kh3fd.2,CC BY 4.0
HERMOS-GRP-0176,"HERMOS (Özacar et al., 2024)",grape,healthy leaves,grape_healthy,experiments/field_data_19b5/grape_hermos/grape_healthy/IMG_8334.JPG,93ef408d455c414dc24d47ccb97a448f1d09117591e5d16de4bba4c20198f485,6000,4000,Ultra-High (>=2500px),https://doi.org/10.17632/j4xs3kh3fd.2,CC BY 4.0
HERMOS-GRP-0177,"HERMOS (Özacar et al., 2024)",grape,healthy leaves,grape_healthy,experiments/field_data_19b5/grape_hermos/grape_healthy/IMG_8335.JPG,2b1a59bb0e91d29466f46530c231c1dbd17d56288abcaa4741e2b358ea65c665,6000,4000,Ultra-High (>=2500px),https://doi.org/10.17632/j4xs3kh3fd.2,CC BY 4.0
HERMOS-GRP-0178,"HERMOS (Özacar et al., 2024)",grape,healthy leaves,grape_healthy,experiments/field_data_19b5/grape_hermos/grape_healthy/IMG_8336.JPG,87fcb76e6aafaa00e8c2c6e1a024848eafd98ffc4ba5491b5a41503050b8d613,6000,4000,Ultra-High (>=2500px),https://doi.org/10.17632/j4xs3kh3fd.2,CC BY 4.0
HERMOS-GRP-0179,"HERMOS (Özacar et al., 2024)",grape,healthy leaves,grape_healthy,experiments/field_data_19b5/grape_hermos/grape_healthy/IMG_8353.JPG,dbd80c633eec6131f2e0fff2c6e59d16bec9f42c600387d225b734ddf39aecbe,6000,4000,Ultra-High (>=2500px),https://doi.org/10.17632/j4xs3kh3fd.2,CC BY 4.0
HERMOS-GRP-0180,"HERMOS (Özacar et al., 2024)",grape,healthy leaves,grape_healthy,experiments/field_data_19b5/grape_hermos/grape_healthy/IMG_8355.JPG,c451f9a21b12767d09f71c1024149ab505b97b185a4250479b60aa22cae1f4cb,6000,4000,Ultra-High (>=2500px),https://doi.org/10.17632/j4xs3kh3fd.2,CC BY 4.0
HERMOS-GRP-0181,"HERMOS (Özacar et al., 2024)",grape,healthy leaves,grape_healthy,experiments/field_data_19b5/grape_hermos/grape_healthy/IMG_8357.JPG,b025bdc08187e1a9bb90368f9dff26ac15eb0d2376382c750f9af8c4b7c4dcdf,6000,4000,Ultra-High (>=2500px),https://doi.org/10.17632/j4xs3kh3fd.2,CC BY 4.0
HERMOS-GRP-0182,"HERMOS (Özacar et al., 2024)",grape,healthy leaves,grape_healthy,experiments/field_data_19b5/grape_hermos/grape_healthy/IMG_8361.JPG,d547b43953f5a3d902b1bdacd1dc729a906630ed5e69fa2088d852bd5ac118d4,6000,4000,Ultra-High (>=2500px),https://doi.org/10.17632/j4xs3kh3fd.2,CC BY 4.0
HERMOS-GRP-0183,"HERMOS (Özacar et al., 2024)",grape,healthy leaves,grape_healthy,experiments/field_data_19b5/grape_hermos/grape_healthy/IMG_8364.JPG,0e4ca32041a96ba5156b5e376ad06cd9403c03e37f22cd7d0b7b54e8d7e16de0,6000,4000,Ultra-High (>=2500px),https://doi.org/10.17632/j4xs3kh3fd.2,CC BY 4.0
HERMOS-GRP-0184,"HERMOS (Özacar et al., 2024)",grape,healthy leaves,grape_healthy,experiments/field_data_19b5/grape_hermos/grape_healthy/IMG_8379.JPG,251323ef3868096e98fbb218b1201412d73b63b84662cfa5c129ff5a7a71fc39,6000,4000,Ultra-High (>=2500px),https://doi.org/10.17632/j4xs3kh3fd.2,CC BY 4.0
HERMOS-GRP-0185,"HERMOS (Özacar et al., 2024)",grape,healthy leaves,grape_healthy,experiments/field_data_19b5/grape_hermos/grape_healthy/IMG_8392.JPG,e7372bcc9d2312c5f7776e1df18890543f1b24b3461f2f6256401850180cf44c,6000,4000,Ultra-High (>=2500px),https://doi.org/10.17632/j4xs3kh3fd.2,CC BY 4.0
HERMOS-GRP-0186,"HERMOS (Özacar et al., 2024)",grape,healthy leaves,grape_healthy,experiments/field_data_19b5/grape_hermos/grape_healthy/IMG_8394.JPG,fe6869fee16a40a5c30fd29e2f7fc085651dd6dc7c263949d70504e965cec411,6000,4000,Ultra-High (>=2500px),https://doi.org/10.17632/j4xs3kh3fd.2,CC BY 4.0
HERMOS-GRP-0187,"HERMOS (Özacar et al., 2024)",grape,healthy leaves,grape_healthy,experiments/field_data_19b5/grape_hermos/grape_healthy/IMG_8396.JPG,43bb7512c758df2facad922020763b933e600a337dd2597d378c272f6f619978,6000,4000,Ultra-High (>=2500px),https://doi.org/10.17632/j4xs3kh3fd.2,CC BY 4.0
HERMOS-GRP-0188,"HERMOS (Özacar et al., 2024)",grape,healthy leaves,grape_healthy,experiments/field_data_19b5/grape_hermos/grape_healthy/IMG_8398.JPG,e46e8966b008a736b0e58f69daf69748963c1cd5b23244313b9d0ef5899ae7ad,6000,4000,Ultra-High (>=2500px),https://doi.org/10.17632/j4xs3kh3fd.2,CC BY 4.0
HERMOS-GRP-0189,"HERMOS (Özacar et al., 2024)",grape,healthy leaves,grape_healthy,experiments/field_data_19b5/grape_hermos/grape_healthy/IMG_8399.JPG,a697edd18261b88858b0bfab43f1145e114acb842218df5ac6c71cbb4d54855f,6000,4000,Ultra-High (>=2500px),https://doi.org/10.17632/j4xs3kh3fd.2,CC BY 4.0
HERMOS-GRP-0190,"HERMOS (Özacar et al., 2024)",grape,healthy leaves,grape_healthy,experiments/field_data_19b5/grape_hermos/grape_healthy/IMG_8400.JPG,43b82e23408efc7d2b8fd5a01837c63810b6c66a378fe92e0696c7547336a76c,6000,4000,Ultra-High (>=2500px),https://doi.org/10.17632/j4xs3kh3fd.2,CC BY 4.0
HERMOS-GRP-0191,"HERMOS (Özacar et al., 2024)",grape,healthy leaves,grape_healthy,experiments/field_data_19b5/grape_hermos/grape_healthy/IMG_8509.JPG,32bb4bc2c5f93c82825a686cc8116633a22d6fc11bd3c126d7868779ada4dd35,6000,4000,Ultra-High (>=2500px),https://doi.org/10.17632/j4xs3kh3fd.2,CC BY 4.0
HERMOS-GRP-0192,"HERMOS (Özacar et al., 2024)",grape,healthy leaves,grape_healthy,experiments/field_data_19b5/grape_hermos/grape_healthy/IMG_8510.JPG,34da8f669613445cefd15bfe6bad124e2c2ad948d313e76af28db7629538a7a0,6000,4000,Ultra-High (>=2500px),https://doi.org/10.17632/j4xs3kh3fd.2,CC BY 4.0
HERMOS-GRP-0193,"HERMOS (Özacar et al., 2024)",grape,healthy leaves,grape_healthy,experiments/field_data_19b5/grape_hermos/grape_healthy/IMG_8512.JPG,dd40d23321280765ba3b83ba8af8a4c092e5ea0b8cf27c11a8f8d9f16eecd066,6000,4000,Ultra-High (>=2500px),https://doi.org/10.17632/j4xs3kh3fd.2,CC BY 4.0
HERMOS-GRP-0194,"HERMOS (Özacar et al., 2024)",grape,healthy leaves,grape_healthy,experiments/field_data_19b5/grape_hermos/grape_healthy/IMG_8521.JPG,997c84ae9e967c341c361fe9f9077ff16bad62dbe3b8e3563f4760a94a8361be,6000,4000,Ultra-High (>=2500px),https://doi.org/10.17632/j4xs3kh3fd.2,CC BY 4.0
HERMOS-GRP-0195,"HERMOS (Özacar et al., 2024)",grape,healthy leaves,grape_healthy,experiments/field_data_19b5/grape_hermos/grape_healthy/IMG_8532.JPG,a650014d7478801785e55cd03005a61a1cd3f2c0da4fdecf808d3058cbda4025,6000,4000,Ultra-High (>=2500px),https://doi.org/10.17632/j4xs3kh3fd.2,CC BY 4.0
HERMOS-GRP-0196,"HERMOS (Özacar et al., 2024)",grape,healthy leaves,grape_healthy,experiments/field_data_19b5/grape_hermos/grape_healthy/IMG_8533.JPG,b2cfac76746b901e79a5b0335798d6556319a5ab6e5a55e45dd78fe03a9e92a7,6000,4000,Ultra-High (>=2500px),https://doi.org/10.17632/j4xs3kh3fd.2,CC BY 4.0
HERMOS-GRP-0197,"HERMOS (Özacar et al., 2024)",grape,healthy leaves,grape_healthy,experiments/field_data_19b5/grape_hermos/grape_healthy/IMG_8562.JPG,dc0ba18567ac79ad685bb061c8fe99e1f1757015947d461772de3e381014017a,6000,4000,Ultra-High (>=2500px),https://doi.org/10.17632/j4xs3kh3fd.2,CC BY 4.0
HERMOS-GRP-0198,"HERMOS (Özacar et al., 2024)",grape,healthy leaves,grape_healthy,experiments/field_data_19b5/grape_hermos/grape_healthy/IMG_8563.JPG,dd7a37cd4564badfb5834f514ad001b2dc4836eda4273e849d3877a3da2a9711,6000,4000,Ultra-High (>=2500px),https://doi.org/10.17632/j4xs3kh3fd.2,CC BY 4.0
HERMOS-GRP-0199,"HERMOS (Özacar et al., 2024)",grape,healthy leaves,grape_healthy,experiments/field_data_19b5/grape_hermos/grape_healthy/IMG_8564.JPG,7ab86a59a43f454d1edb76d5d24609fad8090ffb90729b62df2cd36235e03791,6000,4000,Ultra-High (>=2500px),https://doi.org/10.17632/j4xs3kh3fd.2,CC BY 4.0
HERMOS-GRP-0202,"HERMOS (Özacar et al., 2024)",grape,healthy leaves,grape_healthy,experiments/field_data_19b5/grape_hermos/grape_healthy/IMG_8570.JPG,3b0d9e44067525eafbc27fb298058164831302f92cd818e896aa36a80b9167a4,6000,4000,Ultra-High (>=2500px),https://doi.org/10.17632/j4xs3kh3fd.2,CC BY 4.0
HERMOS-GRP-0203,"HERMOS (Özacar et al., 2024)",grape,healthy leaves,grape_healthy,experiments/field_data_19b5/grape_hermos/grape_healthy/IMG_8627.JPG,1094ae66ff65d634c6c11e2155ae7c25d70d1b573d12794cff58c5218fb7d893,6000,4000,Ultra-High (>=2500px),https://doi.org/10.17632/j4xs3kh3fd.2,CC BY 4.0
HERMOS-GRP-0204,"HERMOS (Özacar et al., 2024)",grape,healthy leaves,grape_healthy,experiments/field_data_19b5/grape_hermos/grape_healthy/IMG_8628.JPG,48a3ce917dab38646dac7acc42daa2177b1a1e204e30e62a2308b431a4dc62a9,6000,4000,Ultra-High (>=2500px),https://doi.org/10.17632/j4xs3kh3fd.2,CC BY 4.0
HERMOS-GRP-0205,"HERMOS (Özacar et al., 2024)",grape,healthy leaves,grape_healthy,experiments/field_data_19b5/grape_hermos/grape_healthy/IMG_8634.JPG,1326c711111d0da127a74a95e49d70ea9fbdc06792fd3f62e667eeba36d51efa,6000,4000,Ultra-High (>=2500px),https://doi.org/10.17632/j4xs3kh3fd.2,CC BY 4.0
HERMOS-GRP-0206,"HERMOS (Özacar et al., 2024)",grape,healthy leaves,grape_healthy,experiments/field_data_19b5/grape_hermos/grape_healthy/IMG_8635.JPG,83aea90be637a16fc0c5752cea5be36910973bf3929c45a493bf899827606b55,6000,4000,Ultra-High (>=2500px),https://doi.org/10.17632/j4xs3kh3fd.2,CC BY 4.0
ESCA-GRP-0207,"ESCA Standalone (Alessandrini et al., 2021)",grape,esca,grape_esca,experiments/field_data_19b5/grape_esca/grape_esca/esca_000_cam1.jpg,d8cf6fa889e551cf2710fb327fd61edc131fe20d05acb5d782177542a06674ae,1280,720,High (1200-2499px),https://doi.org/10.17632/89cnxc58kj.1,CC BY 4.0
ESCA-GRP-0208,"ESCA Standalone (Alessandrini et al., 2021)",grape,esca,grape_esca,experiments/field_data_19b5/grape_esca/grape_esca/esca_001_cam1.jpg,0ca4dfa26884598b6e3437d8c470503bd6f04e61a62bb8ea32dd83891a53e476,1280,720,High (1200-2499px),https://doi.org/10.17632/89cnxc58kj.1,CC BY 4.0
ESCA-GRP-0209,"ESCA Standalone (Alessandrini et al., 2021)",grape,esca,grape_esca,experiments/field_data_19b5/grape_esca/grape_esca/esca_002_cam1.jpg,3b49d29097058a2a4b19dde25f5b843b92881eb03b8ca5993da4547f812c858c,1280,720,High (1200-2499px),https://doi.org/10.17632/89cnxc58kj.1,CC BY 4.0
ESCA-GRP-0210,"ESCA Standalone (Alessandrini et al., 2021)",grape,esca,grape_esca,experiments/field_data_19b5/grape_esca/grape_esca/esca_003_cam1.jpg,efc0ff3fbf207180cb4f991983b1c04b333cc2c843e4fd5a5d564a5995e4d94e,1280,720,High (1200-2499px),https://doi.org/10.17632/89cnxc58kj.1,CC BY 4.0
ESCA-GRP-0211,"ESCA Standalone (Alessandrini et al., 2021)",grape,esca,grape_esca,experiments/field_data_19b5/grape_esca/grape_esca/esca_004_cam2.jpg,9637f55b4fd39a740546cebccf080d04ae27007d39457dbc1f5e8c4f6a61e5f2,1920,1080,High (1200-2499px),https://doi.org/10.17632/89cnxc58kj.1,CC BY 4.0
ESCA-GRP-0212,"ESCA Standalone (Alessandrini et al., 2021)",grape,esca,grape_esca,experiments/field_data_19b5/grape_esca/grape_esca/esca_005_cam2.jpg,05ae4deebdfb20d6f9104836300d891911f860e6f8563b4274d17277b1e11eb6,1920,1080,High (1200-2499px),https://doi.org/10.17632/89cnxc58kj.1,CC BY 4.0
ESCA-GRP-0213,"ESCA Standalone (Alessandrini et al., 2021)",grape,esca,grape_esca,experiments/field_data_19b5/grape_esca/grape_esca/esca_006_cam2.jpg,2f7eb3e5fcb873564e05b3a8b7a95e56c04cc67a0801a97dfc79ea340df351a8,1920,1080,High (1200-2499px),https://doi.org/10.17632/89cnxc58kj.1,CC BY 4.0
ESCA-GRP-0214,"ESCA Standalone (Alessandrini et al., 2021)",grape,esca,grape_esca,experiments/field_data_19b5/grape_esca/grape_esca/esca_007_cam2.jpg,1f3cf19486f6a39fabb3d6c1b66f7d3fb36920c407275f7f201018efda2be4d9,1920,1080,High (1200-2499px),https://doi.org/10.17632/89cnxc58kj.1,CC BY 4.0
ESCA-GRP-0215,"ESCA Standalone (Alessandrini et al., 2021)",grape,esca,grape_esca,experiments/field_data_19b5/grape_esca/grape_esca/esca_008_cam1.jpg,49a5e0015ec8687b52ba5e978c4f8d1dc399ff68993a03df06d0c2af26eca89f,1280,720,High (1200-2499px),https://doi.org/10.17632/89cnxc58kj.1,CC BY 4.0
ESCA-GRP-0216,"ESCA Standalone (Alessandrini et al., 2021)",grape,esca,grape_esca,experiments/field_data_19b5/grape_esca/grape_esca/esca_009_cam2.jpg,351fc32893a7a711ec4d462d3fb31c8ebdf35ed6681c4e72ec639730cda1a00a,1920,1080,High (1200-2499px),https://doi.org/10.17632/89cnxc58kj.1,CC BY 4.0
ESCA-GRP-0217,"ESCA Standalone (Alessandrini et al., 2021)",grape,esca,grape_esca,experiments/field_data_19b5/grape_esca/grape_esca/esca_010_cam1.jpg,92ebfd0a3dba0c4abce2d25692e9368ffb26455c8457c37e17d979819037c462,1280,720,High (1200-2499px),https://doi.org/10.17632/89cnxc58kj.1,CC BY 4.0
ESCA-GRP-0219,"ESCA Standalone (Alessandrini et al., 2021)",grape,esca,grape_esca,experiments/field_data_19b5/grape_esca/grape_esca/esca_012_cam2.jpg,1268f70dddd0640bf8167c985b5edc17a06a92daae9f3ffcc1c773371c412f57,1920,1080,High (1200-2499px),https://doi.org/10.17632/89cnxc58kj.1,CC BY 4.0
ESCA-GRP-0220,"ESCA Standalone (Alessandrini et al., 2021)",grape,esca,grape_esca,experiments/field_data_19b5/grape_esca/grape_esca/esca_013_cam2.jpg,2d5b2b3171c37c358a1f20b3d737650b999f6a01fbb51b8975fe8b2d4541c7ff,1920,1080,High (1200-2499px),https://doi.org/10.17632/89cnxc58kj.1,CC BY 4.0
ESCA-GRP-0221,"ESCA Standalone (Alessandrini et al., 2021)",grape,esca,grape_esca,experiments/field_data_19b5/grape_esca/grape_esca/esca_014_cam1.jpg,1ca065a468ca9356d28b5235d4b9b0c9d81c82346d63c219836ca60aa3243664,1280,720,High (1200-2499px),https://doi.org/10.17632/89cnxc58kj.1,CC BY 4.0
ESCA-GRP-0222,"ESCA Standalone (Alessandrini et al., 2021)",grape,esca,grape_esca,experiments/field_data_19b5/grape_esca/grape_esca/esca_015_cam2.jpg,81d9ca43bac5e1f6f99fd4d564ca927e6aeeafd5d5bdccdf7cb068cf71dcd6bb,1920,1080,High (1200-2499px),https://doi.org/10.17632/89cnxc58kj.1,CC BY 4.0
ESCA-GRP-0223,"ESCA Standalone (Alessandrini et al., 2021)",grape,esca,grape_esca,experiments/field_data_19b5/grape_esca/grape_esca/esca_016_cam2.jpg,3f8debcd55f0d1a517db05f85c730f6ae1af8058de9b422da9f0fc2cf939ad0b,1920,1080,High (1200-2499px),https://doi.org/10.17632/89cnxc58kj.1,CC BY 4.0
ESCA-GRP-0224,"ESCA Standalone (Alessandrini et al., 2021)",grape,esca,grape_esca,experiments/field_data_19b5/grape_esca/grape_esca/esca_017_cam2.jpg,d86962ab355c51b20b3f1a27bb1509493c902be9fc6a896d670329700af5329a,1920,1080,High (1200-2499px),https://doi.org/10.17632/89cnxc58kj.1,CC BY 4.0
ESCA-GRP-0225,"ESCA Standalone (Alessandrini et al., 2021)",grape,esca,grape_esca,experiments/field_data_19b5/grape_esca/grape_esca/esca_018_cam2.jpg,c300055d5c3928e14a810ec482d510ae7d1f31bbc7d4de91926d6c78b75b2ae6,1920,1080,High (1200-2499px),https://doi.org/10.17632/89cnxc58kj.1,CC BY 4.0
ESCA-GRP-0226,"ESCA Standalone (Alessandrini et al., 2021)",grape,esca,grape_esca,experiments/field_data_19b5/grape_esca/grape_esca/esca_019_cam1.jpg,4649e7adc9575df5d5a2432cb27252f170d7de40cd3947061405bf7b0c4ad172,1280,720,High (1200-2499px),https://doi.org/10.17632/89cnxc58kj.1,CC BY 4.0
ESCA-GRP-0227,"ESCA Standalone (Alessandrini et al., 2021)",grape,esca,grape_esca,experiments/field_data_19b5/grape_esca/grape_esca/esca_020_cam2.jpg,6926c96f352f936648ae0b41f4645e9938ef305ded4e1bc2345dd8ec3655ddb9,1920,1080,High (1200-2499px),https://doi.org/10.17632/89cnxc58kj.1,CC BY 4.0
ESCA-GRP-0228,"ESCA Standalone (Alessandrini et al., 2021)",grape,esca,grape_esca,experiments/field_data_19b5/grape_esca/grape_esca/esca_021_cam2.jpg,276f1c45e9fbcce7f3c9f84d28c9275314560fd0d742d9c2c970950e5cf9ff03,1920,1080,High (1200-2499px),https://doi.org/10.17632/89cnxc58kj.1,CC BY 4.0
ESCA-GRP-0229,"ESCA Standalone (Alessandrini et al., 2021)",grape,esca,grape_esca,experiments/field_data_19b5/grape_esca/grape_esca/esca_022_cam1.jpg,98944369557298c77cff73fa23ff3598c4fb6de5334b9efffbe04cd91c30f559,1280,720,High (1200-2499px),https://doi.org/10.17632/89cnxc58kj.1,CC BY 4.0
ESCA-GRP-0230,"ESCA Standalone (Alessandrini et al., 2021)",grape,esca,grape_esca,experiments/field_data_19b5/grape_esca/grape_esca/esca_023_cam2.jpg,54be4d1ca85b7ce22c948fa771455b5d23f6aa3c1661610acfe1c6da82f54697,1920,1080,High (1200-2499px),https://doi.org/10.17632/89cnxc58kj.1,CC BY 4.0
ESCA-GRP-0231,"ESCA Standalone (Alessandrini et al., 2021)",grape,esca,grape_esca,experiments/field_data_19b5/grape_esca/grape_esca/esca_024_cam1.jpg,4b37f06e89c9f14737ed3c32e770f45cae64fc1641d2aea094be5254a16b030c,1280,720,High (1200-2499px),https://doi.org/10.17632/89cnxc58kj.1,CC BY 4.0
ESCA-GRP-0232,"ESCA Standalone (Alessandrini et al., 2021)",grape,esca,grape_esca,experiments/field_data_19b5/grape_esca/grape_esca/esca_025_cam2.jpg,6bf0165d48d5c1e4a8624cc3c491611519580cbd9b2a9b59a662bbbe10cd3cbd,1920,1080,High (1200-2499px),https://doi.org/10.17632/89cnxc58kj.1,CC BY 4.0
ESCA-GRP-0233,"ESCA Standalone (Alessandrini et al., 2021)",grape,esca,grape_esca,experiments/field_data_19b5/grape_esca/grape_esca/esca_026_cam1.jpg,81078ad420e6c853503a5a778cc96ec2f4aba87cbb77e77cc2ce77b85ba4b0a7,1280,720,High (1200-2499px),https://doi.org/10.17632/89cnxc58kj.1,CC BY 4.0
ESCA-GRP-0234,"ESCA Standalone (Alessandrini et al., 2021)",grape,esca,grape_esca,experiments/field_data_19b5/grape_esca/grape_esca/esca_027_cam2.jpg,04c4442678c7de2ae04bde0227601942e66afa297a9f4c90b8e682ac177d57eb,1920,1080,High (1200-2499px),https://doi.org/10.17632/89cnxc58kj.1,CC BY 4.0
ESCA-GRP-0235,"ESCA Standalone (Alessandrini et al., 2021)",grape,esca,grape_esca,experiments/field_data_19b5/grape_esca/grape_esca/esca_028_cam1.jpg,013b2daf3362d1fc8b5844f191e164d1f3907f59125645e0a0032826cb48e168,1280,720,High (1200-2499px),https://doi.org/10.17632/89cnxc58kj.1,CC BY 4.0
ESCA-GRP-0236,"ESCA Standalone (Alessandrini et al., 2021)",grape,esca,grape_esca,experiments/field_data_19b5/grape_esca/grape_esca/esca_029_cam1.jpg,5871fae07a41c0cdc97faafcb4d76a30473c2fdf0b5aad58e2a0b87e85d98205,1280,720,High (1200-2499px),https://doi.org/10.17632/89cnxc58kj.1,CC BY 4.0
ESCA-GRP-0237,"ESCA Standalone (Alessandrini et al., 2021)",grape,esca,grape_esca,experiments/field_data_19b5/grape_esca/grape_esca/esca_030_cam1.jpg,d1ff34ade5a83e13f130d25d312557ae770e9ccafe90e0bf40d3a8239a66f954,1280,720,High (1200-2499px),https://doi.org/10.17632/89cnxc58kj.1,CC BY 4.0
ESCA-GRP-0238,"ESCA Standalone (Alessandrini et al., 2021)",grape,esca,grape_esca,experiments/field_data_19b5/grape_esca/grape_esca/esca_031_cam2.jpg,536a33ae27fad0f8921e011fdf6331ccf19236d26861d0504a4631885d08a44f,1920,1080,High (1200-2499px),https://doi.org/10.17632/89cnxc58kj.1,CC BY 4.0
ESCA-GRP-0239,"ESCA Standalone (Alessandrini et al., 2021)",grape,esca,grape_esca,experiments/field_data_19b5/grape_esca/grape_esca/esca_032_cam2.jpg,386678957545175fd56e42c837e058b9d50194600509c8d9ed614694b15855ff,1920,1080,High (1200-2499px),https://doi.org/10.17632/89cnxc58kj.1,CC BY 4.0
ESCA-GRP-0240,"ESCA Standalone (Alessandrini et al., 2021)",grape,esca,grape_esca,experiments/field_data_19b5/grape_esca/grape_esca/esca_033_cam2.jpg,2e2c81cb31c53c35318f91780ba043f0905a3c4ff39d994e63a1b02333c05bb3,1920,1080,High (1200-2499px),https://doi.org/10.17632/89cnxc58kj.1,CC BY 4.0
ESCA-GRP-0241,"ESCA Standalone (Alessandrini et al., 2021)",grape,esca,grape_esca,experiments/field_data_19b5/grape_esca/grape_esca/esca_034_cam2.jpg,bd60de083308d7eab3f9abc559cf23dfb3ecfbf5f5f66637d17d0aeb3a283783,1920,1080,High (1200-2499px),https://doi.org/10.17632/89cnxc58kj.1,CC BY 4.0
ESCA-GRP-0242,"ESCA Standalone (Alessandrini et al., 2021)",grape,esca,grape_esca,experiments/field_data_19b5/grape_esca/grape_esca/esca_035_cam2.jpg,22785766ea69074e4a203f61857d57d347ad25c2e1bfd6ecc252f709860035e9,1920,1080,High (1200-2499px),https://doi.org/10.17632/89cnxc58kj.1,CC BY 4.0
ESCA-GRP-0243,"ESCA Standalone (Alessandrini et al., 2021)",grape,esca,grape_esca,experiments/field_data_19b5/grape_esca/grape_esca/esca_036_cam1.jpg,f38c63588f09e1bd0ab455d8500fe720f060453a6edcadc940f5484dd276e01d,1280,720,High (1200-2499px),https://doi.org/10.17632/89cnxc58kj.1,CC BY 4.0
ESCA-GRP-0244,"ESCA Standalone (Alessandrini et al., 2021)",grape,esca,grape_esca,experiments/field_data_19b5/grape_esca/grape_esca/esca_037_cam1.jpg,9e4fffc662e2544cb2618ad4d0f3b08b79fba72af128588e41dd33c1afe2aa26,1280,720,High (1200-2499px),https://doi.org/10.17632/89cnxc58kj.1,CC BY 4.0
ESCA-GRP-0245,"ESCA Standalone (Alessandrini et al., 2021)",grape,esca,grape_esca,experiments/field_data_19b5/grape_esca/grape_esca/esca_038_cam2.jpg,792d2119420f79d86f8ab4adf83a0234283144ef23302718293504b31965a2dc,1920,1080,High (1200-2499px),https://doi.org/10.17632/89cnxc58kj.1,CC BY 4.0
ESCA-GRP-0246,"ESCA Standalone (Alessandrini et al., 2021)",grape,esca,grape_esca,experiments/field_data_19b5/grape_esca/grape_esca/esca_039_cam1.jpg,3a9ed6192f60aed39a0800ee944692d88d96137b72935e8d8c80a99d06e859cf,1280,720,High (1200-2499px),https://doi.org/10.17632/89cnxc58kj.1,CC BY 4.0
ESCA-GRP-0247,"ESCA Standalone (Alessandrini et al., 2021)",grape,esca,grape_esca,experiments/field_data_19b5/grape_esca/grape_esca/esca_040_cam2.jpg,392b7d410919d2eb2b5b5dad7fad36da42b974ded66d3ecee2c509469095a9c9,1920,1080,High (1200-2499px),https://doi.org/10.17632/89cnxc58kj.1,CC BY 4.0
ESCA-GRP-0248,"ESCA Standalone (Alessandrini et al., 2021)",grape,esca,grape_esca,experiments/field_data_19b5/grape_esca/grape_esca/esca_041_cam2.jpg,7fe03a5bb35eeb1eb174e62556b05b472a469b9a42febaba7c1f5a34836f18be,1920,1080,High (1200-2499px),https://doi.org/10.17632/89cnxc58kj.1,CC BY 4.0
ESCA-GRP-0249,"ESCA Standalone (Alessandrini et al., 2021)",grape,esca,grape_esca,experiments/field_data_19b5/grape_esca/grape_esca/esca_042_cam1.jpg,a0bb54e6c1efcaea62f18b06ea95592cd3effd392dc229522cebd8070c343e64,1280,720,High (1200-2499px),https://doi.org/10.17632/89cnxc58kj.1,CC BY 4.0
ESCA-GRP-0250,"ESCA Standalone (Alessandrini et al., 2021)",grape,esca,grape_esca,experiments/field_data_19b5/grape_esca/grape_esca/esca_043_cam1.jpg,78fb3bcf8c4d7b855ae4511f41ebec3f3d50016d33822424101b51735279ae5c,1280,720,High (1200-2499px),https://doi.org/10.17632/89cnxc58kj.1,CC BY 4.0
ESCA-GRP-0251,"ESCA Standalone (Alessandrini et al., 2021)",grape,esca,grape_esca,experiments/field_data_19b5/grape_esca/grape_esca/esca_044_cam1.jpg,83d1a7e75976059ded0adb4d50b162f8c764101ef4876214d76b49ea3a94bf77,1280,720,High (1200-2499px),https://doi.org/10.17632/89cnxc58kj.1,CC BY 4.0
