source_id,identifier,reason
SRC-04,https://raw.githubusercontent.com/Shushanth101/Soil-Types-Dataset/main/train/Red_soil/0126934491.jpg,Duplicate within candidate negative pool
SRC-03,https://upload.wikimedia.org/wikipedia/commons/8/84/Soil_Textural_Triangle.jpg?utm_source=commons.wikimedia.org&utm_campaign=imageinfo&utm_content=thumbnail_unscaled,Download error: HTTP Error 403: Forbidden
SRC-03,https://commons.wikimedia.org/wiki/File:Texture_of_some_important_soil_formations_(1896)_(14594863737).jpg,License not accepted ()
SRC-03,https://upload.wikimedia.org/wikipedia/commons/c/c0/Agricultural_machinery_dealership%2C_Ellington_-_geograph.org.uk_-_1631503.jpg?utm_source=commons.wikimedia.org&utm_campaign=imageinfo&utm_content=thumbnail_unscaled,Download error: HTTP Error 403: Forbidden
SRC-03,https://upload.wikimedia.org/wikipedia/commons/c/cb/Farm_machineries_for_agricultural_purposes.jpg?utm_source=commons.wikimedia.org&utm_campaign=imageinfo&utm_content=thumbnail_unscaled,Download error: HTTP Error 403: Forbidden
SRC-03,https://upload.wikimedia.org/wikipedia/commons/3/3a/Farm_machinery_-_geograph.org.uk_-_4142951.jpg?utm_source=commons.wikimedia.org&utm_campaign=imageinfo&utm_content=thumbnail_unscaled,Download error: HTTP Error 403: Forbidden
SRC-03,https://upload.wikimedia.org/wikipedia/commons/0/09/Farm_machinery_at_Yellowham_Hill_-_geograph.org.uk_-_881290.jpg?utm_source=commons.wikimedia.org&utm_campaign=imageinfo&utm_content=thumbnail_unscaled,Download error: HTTP Error 403: Forbidden
SRC-03,https://upload.wikimedia.org/wikipedia/commons/0/00/Farm_machinery_dealership_in_the_Cotswolds._-_geograph.org.uk_-_286452.jpg?utm_source=commons.wikimedia.org&utm_campaign=imageinfo&utm_content=thumbnail_unscaled,Download error: HTTP Error 403: Forbidden
SRC-03,https://upload.wikimedia.org/wikipedia/commons/3/35/Farm_yard_machinery_-_geograph.org.uk_-_6370302.jpg?utm_source=commons.wikimedia.org&utm_campaign=imageinfo&utm_content=thumbnail_unscaled,Download error: HTTP Error 403: Forbidden
SRC-03,https://upload.wikimedia.org/wikipedia/commons/2/2a/Machinery%2C_Beckett%27s_Farm_-_geograph.org.uk_-_4701968.jpg?utm_source=commons.wikimedia.org&utm_campaign=imageinfo&utm_content=thumbnail_unscaled,Download error: HTTP Error 403: Forbidden
SRC-03,https://upload.wikimedia.org/wikipedia/commons/9/95/Masons_Tractors_and_Garden_Machinery%2C_Rixy_park_-_geograph.org.uk_-_12046.jpg?utm_source=commons.wikimedia.org&utm_campaign=imageinfo&utm_content=thumbnail_unscaled,Download error: HTTP Error 403: Forbidden
SRC-03,https://upload.wikimedia.org/wikipedia/commons/d/dc/Old_Farm_Machinery_at_Brinsbury_Campus._-_geograph.org.uk_-_187255.jpg?utm_source=commons.wikimedia.org&utm_campaign=imageinfo&utm_content=thumbnail_unscaled,Download error: HTTP Error 403: Forbidden
SRC-03,https://upload.wikimedia.org/wikipedia/commons/8/8f/Old_Tractor%2C_Leachive_Farm_-_geograph.org.uk_-_454716.jpg?utm_source=commons.wikimedia.org&utm_campaign=imageinfo&utm_content=thumbnail_unscaled,Download error: HTTP Error 403: Forbidden
SRC-03,https://upload.wikimedia.org/wikipedia/commons/7/76/Old_farm_machinery_-_geograph.org.uk_-_530265.jpg?utm_source=commons.wikimedia.org&utm_campaign=imageinfo&utm_content=thumbnail_unscaled,Download error: HTTP Error 403: Forbidden
SRC-03,https://upload.wikimedia.org/wikipedia/commons/4/48/Old_farm_machinery_-_geograph.org.uk_-_6158877.jpg?utm_source=commons.wikimedia.org&utm_campaign=imageinfo&utm_content=thumbnail_unscaled,Download error: HTTP Error 403: Forbidden
SRC-03,https://upload.wikimedia.org/wikipedia/commons/0/02/Queensland_State_Archives_1680_Child_on_tractor_at_demonstration_of_farm_machinery_1944.png?utm_source=commons.wikimedia.org&utm_campaign=imageinfo&utm_content=thumbnail_unscaled,Download error: HTTP Error 403: Forbidden
SRC-03,https://upload.wikimedia.org/wikipedia/commons/4/42/Tractor_and_other_farm_equipment_-_geograph.org.uk_-_1922076.jpg?utm_source=commons.wikimedia.org&utm_campaign=imageinfo&utm_content=thumbnail_unscaled,Download error: HTTP Error 403: Forbidden
SRC-03,https://upload.wikimedia.org/wikipedia/commons/3/3a/Tractor_at_work_with_Horley_farm_beyond_-_geograph.org.uk_-_1949842.jpg?utm_source=commons.wikimedia.org&utm_campaign=imageinfo&utm_content=thumbnail_unscaled,Download error: HTTP Error 403: Forbidden
SRC-03,https://commons.wikimedia.org/wiki/File:Rennie%27s_1902_(1902)_(19945651293).jpg,License not accepted ()
SRC-03,https://upload.wikimedia.org/wikipedia/commons/f/ff/Bicentenary_Glasshouse_-_geograph.org.uk_-_641713.jpg?utm_source=commons.wikimedia.org&utm_campaign=imageinfo&utm_content=thumbnail_unscaled,Download error: HTTP Error 403: Forbidden
SRC-03,https://upload.wikimedia.org/wikipedia/commons/9/92/Glasshouse%2C_RHS_Gardens%2C_Wisley_-_geograph.org.uk_-_803731.jpg?utm_source=commons.wikimedia.org&utm_campaign=imageinfo&utm_content=thumbnail_unscaled,Download error: HTTP Error 403: Forbidden
SRC-03,https://upload.wikimedia.org/wikipedia/commons/7/77/Glasshouse_Gables_-_geograph.org.uk_-_1003373.jpg?utm_source=commons.wikimedia.org&utm_campaign=imageinfo&utm_content=thumbnail_unscaled,Download error: HTTP Error 403: Forbidden
SRC-03,https://commons.wikimedia.org/wiki/File:Glasshouse_and_fountain_at_lalbagh.jpg,License not accepted ()
SRC-03,https://upload.wikimedia.org/wikipedia/commons/6/66/Glasshouse_maintenance_-_geograph.org.uk_-_3545930.jpg?utm_source=commons.wikimedia.org&utm_campaign=imageinfo&utm_content=thumbnail_unscaled,Download error: HTTP Error 403: Forbidden
SRC-03,https://upload.wikimedia.org/wikipedia/commons/e/ea/Great_Glasshouse_-_geograph.org.uk_-_6283673.jpg?utm_source=commons.wikimedia.org&utm_campaign=imageinfo&utm_content=thumbnail_unscaled,Download error: HTTP Error 403: Forbidden
SRC-03,https://upload.wikimedia.org/wikipedia/commons/8/8f/Greenhouse_for_strawberry.jpg?utm_source=commons.wikimedia.org&utm_campaign=imageinfo&utm_content=thumbnail_unscaled,Download error: HTTP Error 403: Forbidden
SRC-03,https://upload.wikimedia.org/wikipedia/commons/7/7c/Inside_the_Great_Glasshouse_%281%29_-_geograph.org.uk_-_3545905.jpg?utm_source=commons.wikimedia.org&utm_campaign=imageinfo&utm_content=thumbnail_unscaled,Download error: HTTP Error 403: Forbidden
SRC-03,https://upload.wikimedia.org/wikipedia/commons/b/b3/Inside_the_Great_Glasshouse_%282%29_-_geograph.org.uk_-_3545912.jpg?utm_source=commons.wikimedia.org&utm_campaign=imageinfo&utm_content=thumbnail_unscaled,Download error: HTTP Error 403: Forbidden
SRC-03,https://upload.wikimedia.org/wikipedia/commons/3/38/Inside_the_Great_Glasshouse_%283%29_-_geograph.org.uk_-_3545917.jpg?utm_source=commons.wikimedia.org&utm_campaign=imageinfo&utm_content=thumbnail_unscaled,Download error: HTTP Error 403: Forbidden
SRC-03,https://upload.wikimedia.org/wikipedia/commons/6/65/Inside_the_Great_Glasshouse_%284%29_-_geograph.org.uk_-_3545923.jpg?utm_source=commons.wikimedia.org&utm_campaign=imageinfo&utm_content=thumbnail_unscaled,Download error: HTTP Error 403: Forbidden
SRC-03,https://upload.wikimedia.org/wikipedia/commons/9/9b/The_Glasshouse%2C_Wisley_-_geograph.org.uk_-_1003387.jpg?utm_source=commons.wikimedia.org&utm_campaign=imageinfo&utm_content=thumbnail_unscaled,Download error: HTTP Error 403: Forbidden
SRC-03,https://upload.wikimedia.org/wikipedia/commons/4/41/The_Glasshouse_-_geograph.org.uk_-_1450160.jpg?utm_source=commons.wikimedia.org&utm_campaign=imageinfo&utm_content=thumbnail_unscaled,Download error: HTTP Error 403: Forbidden
SRC-03,https://upload.wikimedia.org/wikipedia/commons/e/ea/The_Glasshouse_one_year_on_-_geograph.org.uk_-_847248.jpg?utm_source=commons.wikimedia.org&utm_campaign=imageinfo&utm_content=thumbnail_unscaled,Download error: HTTP Error 403: Forbidden
